icao,le_ident,he_ident,le_lat,le_lon,he_lat,he_lon,le_displaced_ft,he_displaced_ft
CAH4,14,32,52.85773654,-119.33959442,52.8477339,-119.33290872,0.0,0.0
CAJ3,15,33,49.04219818,-116.5,49.03170013,-116.49700165,0.0,0.0
CAJ7,07,25,50.4534322,-113.75757516,50.45412542,-113.73832682,0.0,0.0
CAJ9,10,28,57.43069628,-125.65609983,57.42392855,-125.63688795,0,0
CAJ9,11,29,57.43483827,-125.66190766,57.42586267,-125.64386053,0,0
CAK3,07,25,49.07882229,-122.9459069,49.07878482,-122.93507747,0,0
CAM3,13,31,48.75658466,-123.71137431,48.75285194,-123.70827016,0,0
CAP6,11,29,56.79735956,-124.90863126,56.78530203,-124.88766725,0,0
CBA8,07,25,53.85509535,-122.91251779,53.85556522,-122.90110242,0,0
CBG2,04,22,51.42487763,-121.21223035,51.43430942,-121.20688787,0,0
CBJ4,07,25,51.24173826,-121.99691115,51.2418148,-121.98195659,0.0,0.0
CBK7,10,28,58.84905608,-125.24199332,58.84786095,-125.23149414,0,0
CBL3,13,31,58.82553228,-122.79542855,58.8195369,-122.78325645,0,0
CBL9,02,20,51.50566978,-123.80945349,51.51557717,-123.80283226,0,0
CBN9,13,31,56.91272054,-124.97288076,56.90125299,-124.95923644,0,0
CBQ2,08,26,49.16842713,-122.56501654,49.16665599,-122.54783575,0,0
CBR2,07,25,49.90386586,-116.94600318,49.90346196,-116.9291565,0.0,0.0
CBS2,02,20,49.29370229,-103.02084808,49.29713116,-103.01743767,0,0
CBS2,12,30,49.29667282,-103.02572632,49.29122543,-103.01595306,0.0,0.0
CBS7,08,26,50.06659958,-105.30429074,50.06659958,-105.29617161,0,0
CBU2,12,30,57.8511043,-129.99398116,57.84606471,-129.97801383,0,0
CBW2,17,35,54.17341625,-128.57540053,54.16568366,-128.58020833,0,0
CBZ9,08,26,54.01593847,-124.78014877,54.01304854,-124.76250945,0.0,0.0
CCA6,14,32,52.56880451,-55.78970325,52.56626722,-55.78060831,0,0
CCC2,15,33,47.13970184,-55.33390045,47.13470078,-55.32440186,0.0,0.0
CCD2,06,24,49.47773556,-56.18307824,49.48116583,-56.17247737,0,0
CCE3,02,20,46.55711154,-67.16803143,46.56952565,-67.16889714,0.0,0.0
CCE4,14,32,53.47164294,-55.79248607,53.46815722,-55.78266345,0,0
CCF4,15,33,44.71207168,-63.30197403,44.70725063,-63.29683907,0,0
CCG4,05,23,46.15101171,-64.77532249,46.15614081,-64.76421203,394,0
CCH4,09,27,52.76450167,-56.11825081,52.76694966,-56.10692441,0,0
CCK4,05,23,52.37026031,-55.67680401,52.37536793,-55.67133163,0,0
CCN2,06,24,44.71030045,-66.8003006,44.71640015,-66.79250336,0.0,0.0
CCP2,06,24,49.05206301,-55.45344984,49.06001935,-55.44197233,0,0
CCQ3,05,23,45.41722514,-63.46628235,45.42474021,-63.46025688,0.0,0.0
CCQ3,09,27,45.41386795,-63.4705658,45.41787338,-63.45199966,0.0,0.0
CCQ3,16,34,45.42460387,-63.46705434,45.41492321,-63.45327896,500.0,0.0
CCR3,18,36,46.43310165,-67.63179779,46.4192009,-67.62409973,0.0,0.0
CCS3,14,32,45.20940018,-67.25559998,45.20529938,-67.24530029,0.0,0.0
CCS4,09,27,46.14648288,-65.91361853,46.15030013,-65.89663853,0.0,0.0
CCW3,10,28,45.05110168,-64.65859985,45.05329895,-64.64530182,0.0,0.0
CCW4,02,20,45.09500127,-63.92430413,45.09993732,-63.92422309,0.0,0.0
CCW4,09,27,45.09463258,-63.92470374,45.09719663,-63.91611295,0.0,0.0
CCW4,15,33,45.09950231,-63.92342075,45.09674065,-63.91855726,0.0,0.0
CCZ2,11,29,54.17927453,-58.46294447,54.1796579,-58.45124972,0,0
CCZ3,08,26,48.27149963,-53.93040085,48.2779007,-53.91740036,0.0,0.0
CCZ4,01,19,46.33738006,-60.97905214,46.34395951,-60.98184227,0,0
CDA4,12,30,47.717458,-64.888275,47.71503591,-64.87494164,0.0,0.0
CDA5,18,36,47.7793539,-59.31465894,47.77172719,-59.310512,0.0,0.0
CDH3,12,30,43.96067415,-66.00167778,43.95783593,-65.99515584,0,0
CDJ4,14,32,46.71559906,-66.83550262,46.71089935,-66.82119751,0.0,0.0
CDT5,09,27,46.50740051,-64.70330048,46.51139832,-64.68430328,0.0,0.0
CDU6,11,29,46.55289519,-66.10229956,46.55190285,-66.08446577,0.0,0.0
CDV2,05,23,47.74769951,-67.43143668,47.75820391,-67.42174368,0.0,0.0
CDY3,10,28,49.656799,-54.243801,49.6581,-54.231201,0.0,0.0
CDY6,15,33,44.38358081,-64.45932316,44.38034261,-64.45412006,0,0
CEC4,02,20,53.31439972,-117.75900269,53.32389832,-117.74700165,0.0,300.0
CEF4,12,30,51.26890182,-113.94200134,51.25880051,-113.92700195,0.0,1000.0
CEG4,16,34,51.50114054,-112.74867217,51.49152639,-112.74867217,0,0
CEH3,16,34,52.65610347,-113.60437578,52.64763071,-113.60449432,0.0,0.0
CEH4,10,28,50.82191629,-113.83000426,50.81757957,-113.81944121,0.0,0.0
CEH4,16,34,50.82547178,-113.81890292,50.81775382,-113.81892761,0.0,0.0
CEH5,13,31,56.549999,-115.279999,56.5425,-115.268997,0.0,0.0
CEL4,02,20,51.63077383,-111.90170689,51.63427989,-111.8961062,0.0,0.0
CEL4,12,30,51.63559546,-111.91039219,51.62877495,-111.89931147,0.0,0.0
CEL4,15,33,51.63313931,-111.90007024,51.62927183,-111.89940368,0.0,0.0
CER3,14,32,53.27173961,-114.96370733,53.25868497,-114.95580753,761.0,344.0
CET9,11,29,61.52459109,-120.63050423,61.52013359,-120.61923641,0.0,0.0
CEX3,12,30,52.96871843,-113.4173533,52.9611987,-113.40492555,0.0,358.0
CFF7,11,29,52.83582885,-110.91752563,52.82734685,-110.90173532,980.0,0.0
CFH4,15,33,45.87390137,-63.46889877,45.86610031,-63.45339966,0.0,0.0
CFL2,02,20,50.6778111,-110.04687165,50.68594365,-110.03858146,0.0,0.0
CFN5,07,25,58.17302812,-116.34567196,58.17304203,-116.3228573,0,0
CFN7,15,33,51.78030014,-114.68146515,51.76900101,-114.6760025,0.0,0.0
CFP7,11,29,52.83747994,-111.11342228,52.824005,-111.08864558,0,0
CFQ7,11,29,53.28199769,-113.46228736,53.279885,-113.449587,0,0
CFS4,4,22,65.67179243,-138.12107281,65.67871544,-138.10689346,0,0
CFS6,13,31,57.14770417,-115.08132924,57.13358507,-115.06685823,900.0,0.0
CFS7,08,26,62.620257,-131.278998,62.618422,-131.260972,0,0
CFT8,07,25,56.16090012,-113.48300171,56.16080093,-113.46399689,0.0,0.0
CFX2,16,34,50.73799993,-113.93466514,50.72971293,-113.93400518,0.0,0.0
CJA3,10,28,49.20962492,-98.06839407,49.2065807,-98.05253467,0.0,0.0
CJA3,18,36,49.21457415,-98.06351991,49.20884647,-98.06349481,0,0
CJB3,09,27,49.55230172,-96.68175725,49.55231115,-96.67685356,0,0
CJB3,14,32,49.55445697,-96.68369855,49.5473236,-96.6775636,0.0,0.0
CJB5,01,19,50.16677072,-101.65252057,50.16972969,-101.65081001,0,0
CJB5,08,26,50.16709354,-101.6478914,50.16710979,-101.63503587,0,0
CJB8,08,26,50.83340073,-108.0759964,50.83330154,-108.06400299,0.0,0.0
CJC2,08,26,51.053619,-105.84291487,51.053619,-105.83375113,0,0
CJC2,17,35,51.05889583,-105.833847,51.05368417,-105.833847,0,0
CJC3,13,31,51.25121771,-105.98170705,51.24439629,-105.97288361,0,0
CJC5,02,20,49.65468286,-108.40823576,49.66175235,-108.3992334,0.0,0.0
CJC5,12,30,49.6616235,-108.41246219,49.6557371,-108.40336898,0.0,0.0
CJC6,07,25,52.7320493,-107.38242985,52.7323987,-107.36590615,0,0
CJD3,09,27,52.99371408,-105.45447124,52.99225714,-105.44263748,0,0
CJD5,10,28,50.87942633,-109.50813161,50.87644578,-109.49601133,0,0
CJE2,11,29,54.62277434,-107.39708313,54.61737566,-107.38635687,0,0
CJE3,06,24,49.69889832,-103.80599976,49.70140076,-103.79399872,0.0,0.0
CJE3,12,30,49.70100021,-103.80799866,49.6935997,-103.79499817,0.0,0.0
CJE5,16,34,53.38078987,-108.342224,53.37365813,-108.342224,0,0
CJF3,15,33,55.49471827,-107.93433432,55.48476539,-107.92731988,0,0
CJF8,09,27,52.05169246,-107.99362987,52.04968754,-107.98296637,0,0
CJG2,09,27,51.22005423,-109.39787565,51.21874577,-109.3871285,0,0
CJH3,12,30,53.10135475,-109.33475483,53.0944986,-109.32290573,0,0
CJH4,09,27,49.44623423,-106.93792584,49.44434149,-106.92645416,0,0
CJH8,08,26,53.01669899,-106.75331481,53.01658374,-106.74423991,0,0
CJH8,17,35,53.01684378,-106.74764473,53.01260702,-106.74763972,0,0
CJJ4,08,26,49.14714591,-100.50885729,49.14714591,-100.49219129,0.0,0.0
CJJ4,17,35,49.1537035,-100.50064994,49.14763608,-100.50063468,0.0,0.0
CJJ5,16,34,50.62304435,-108.47019622,50.6164612,-108.47019622,0,0
CJJ8,11,29,52.34606224,-109.92625668,52.34153826,-109.91500827,0.0,0.0
CJK3,10,28,55.11190879,-107.72350208,55.10876321,-107.70917592,0,0
CJK4,08,26,50.64254026,-102.10537882,50.64254026,-102.09232043,0.0,0.0
CJK5,03,21,50.05829351,-108.49289165,50.06239845,-108.48612806,0,0
CJK5,17,35,50.06230268,-108.48713767,50.05503489,-108.48733526,0,0
CJK9,07,25,51.95078076,-102.6335354,51.95196201,-102.62270908,0,0
CJL2,07,25,58.66077026,-103.55392121,58.66362974,-103.5227354,0,0
CJL4,12,30,56.47660785,-109.41065566,56.46980611,-109.39675351,0,0
CJL6,08,26,49.09583567,-97.53812684,49.09583567,-97.52974871,0.0,0.0
CJL6,17,35,49.0985218,-97.52923717,49.08946344,-97.5292138,0.0,138.0
CJL8,02,20,60.28432819,-102.50971205,60.29931983,-102.49433343,0,0
CJL9,07,25,52.463055,-107.3831197,52.463055,-107.3713063,0,0
CJM2,11,29,51.14785965,-103.43093695,51.14436235,-103.42128105,0,0
CJM4,17,35,49.86941873,-106.57092,49.86256127,-106.57092,0,0
CJM5,07,25,49.17264402,-108.58227948,49.17264402,-108.56712509,0.0,0.0
CJM6,17,35,53.10729357,-103.65035966,53.10071443,-103.65074234,0,0
CJN2,16,34,51.56305984,-101.87957484,51.55568146,-101.87847813,0,0
CJN4,08,26,49.73082194,-105.9530136,49.73117489,-105.94050696,0,0
CJN4,13,31,49.73869041,-105.94646364,49.73209739,-105.93996496,0,0
CJP2,11,29,51.92844577,-109.13399591,51.92463623,-109.12448449,0,0
CJP2,17,35,51.92935403,-109.13226397,51.92498197,-109.132884,0,0
CJP6,06,24,59.60800864,-109.27437772,59.60977336,-109.25926828,0,0
CJP9,04,22,59.59907767,-109.1439583,59.60292633,-109.1276477,0,0
CJQ2,11,29,49.37285919,-102.76550869,49.36875436,-102.75436887,0,0
CJQ3,11,29,49.64610656,-102.2938758,49.64197842,-102.27814471,0,358
CJQ4,06,24,49.8955036,-109.48225267,49.89796916,-109.46973348,0.0,0.0
CJQ4,17,35,49.89922008,-109.47355854,49.89396205,-109.47470066,0.0,0.0
CJQ6,03,21,81.40449581,-76.88234201,81.41367645,-76.85337874,0.0,0.0
CJQ9,18,36,57.625623,-99.874812,57.614057,-99.873942,0,0
CJR2,10,28,52.07167717,-109.38053213,52.06746867,-109.36902899,0,0
CJR4,11,29,51.14640045,-108.76799774,51.14189911,-108.75700378,0.0,0.0
CJR4,16,34,51.14670181,-108.76799774,51.14139938,-108.76699829,0.0,0.0
CJR7,17,35,51.62865136,-102.44986591,51.61932664,-102.45012809,0,0
CJR9,08,26,52.411388,-104.49074459,52.41139125,-104.47833501,0,0
CJS2,18,36,56.95572541,-102.23704732,56.94316259,-102.24028468,0,0
CJS3,16,34,58.39779637,-109.51524813,58.38331563,-109.51476587,0,0
CJS4,13,31,50.43758015,-105.39224255,50.429806,-105.380028,0.0,0.0
CJT4,10,28,53.95730778,-102.30483618,53.95487003,-102.29174364,0,0
CJT5,08,26,49.26276281,-101.01712969,49.26295381,-101.00872169,0,0
CJT5,17,35,49.26540516,-101.01249381,49.25923316,-101.01249381,0,0
CJT9,12,30,53.62158231,-107.61571563,53.61676769,-107.60814637,0,0
CJT9,16,34,53.62465923,-107.61471537,53.61533877,-107.61416663,0,0
CJU4,10,28,52.17703514,-105.1387398,52.17415414,-105.12856272,0,0
CJU7,12,30,53.18767358,-108.79290579,53.18233642,-108.78543221,0,0
CJV2,16,34,52.83495287,-109.640282,52.82782113,-109.640282,0,0
CJV4,18,36,55.58444885,-104.78363945,55.57776715,-104.78636855,0,0
CJV5,04,22,50.22969818,-99.5164032,50.2358017,-99.50469971,0.0,0.0
CJV9,02,20,50.93835328,-102.73750326,50.94359672,-102.73307874,0,0
CJV9,10,28,50.9420483,-102.74239913,50.9392617,-102.73198087,0,0
CJW3,10,28,54.01998279,-109.14012885,54.01669121,-109.13042515,0,0
CJW4,01,19,55.28343008,-102.75196262,55.29098056,-102.74705,0,0
CJW5,14,32,50.77063995,-101.29908146,50.76616585,-101.29483658,0.0,0.0
CJW5,17,35,50.7694663,-101.29490365,50.76022021,-101.29359708,0.0,0.0
CJW7,17,35,58.06011036,-104.48350117,58.04578118,-104.48562607,0,0
CJX4,07,25,51.56442358,-107.92245237,51.56442358,-107.91109011,0,0
CJX5,08,26,49.63334543,-100.20678754,49.63332107,-100.19747038,0.0,0.0
CJX5,14,32,49.64023195,-100.20276492,49.63329957,-100.19674131,0.0,0.0
CJY3,08,26,52.83491925,-104.07169068,52.835125,-104.06026389,0.0,0.0
CJY3,14,32,52.83969879,-104.07099915,52.83330154,-104.06199646,0.0,0.0
CJY3,17,35,52.84026711,-104.07123672,52.83469845,-104.07123663,0.0,0.0
CJY4,05,23,55.54433064,-102.27736656,55.54803936,-102.26503744,0,0
CJZ3,08,26,52.86447144,-104.70778656,52.86445999,-104.69408417,0.0,0.0
CJZ4,08,26,53.2280982,-106.36891085,53.2280982,-106.35991168,0,0
CKA4,12,30,49.2830345,-96.506126,49.278625,-96.496101,0,0
CKA9,03,21,56.33432695,-103.2969183,56.33879883,-103.29008001,0,0
CKB2,14,32,55.90286406,-107.72293609,55.89546794,-107.71650191,0,0
CKB7,13,31,51.23760883,-101.39559908,51.23031363,-101.38589531,0.0,0.0
CKC6,08,26,51.8454866,-105.00198807,51.8450654,-104.98246393,0,0
CKC7,08,26,49.16685,-105.92308409,49.16685,-105.91301591,0,0
CKD2,08,26,52.616512,-103.25342522,52.616512,-103.24190478,0,0
CKD2,17,35,52.62348807,-103.250549,52.61650993,-103.250549,0,0
CKD5,09,27,50.1001663,-102.61344186,50.0981537,-102.6008584,0,0
CKE2,08,26,52.063885,-104.26785419,52.063885,-104.25664486,0,0
CKE8,02,20,52.44279861,-109.18499756,52.44499969,-109.18199921,0.0,0.0
CKE8,11,29,52.44819396,-109.19051886,52.44340604,-109.17953974,0.0,0.0
CKH7,16,34,53.36675573,-107.548332,53.35989827,-107.548332,0,0
CKH8,15,33,50.67261276,-104.7916098,50.66313782,-104.78587136,0,0
CKJ4,11,29,51.62618881,-106.44722547,51.62215519,-106.43722053,0,0
CKJ9,08,26,50.7095635,-103.20139518,50.70965924,-103.19273346,0,0
CKK2,16,34,52.64856812,-104.88056559,52.63901756,-104.87882145,400,0
CKK4,03,21,49.03649973,-102.9796236,49.04072027,-102.97295612,0,0
CKK4,12,30,49.04162313,-102.98059862,49.03799287,-102.97207169,0,0
CKK7,07,25,49.496967,-96.702667,49.498234,-96.695198,0.0,0.0
CKK7,18,36,49.498241,-96.697876,49.489716,-96.697639,0.0,0.0
CKL5,10,28,50.45859909,-100.61499786,50.4557991,-100.60199738,0.0,0.0
CKL6,02,20,54.28935669,-104.67405655,54.29452931,-104.66873145,0,0
CKL9,14,32,50.75991689,-104.98494649,50.75391835,-104.9791358,0,0
CKM4,18,36,54.83575583,-102.78689538,54.82729202,-102.79031717,0,0
CKN5,11,29,49.87017766,-103.45116282,49.86596234,-103.44069763,0,0
CKN8,06,24,57.74161783,-103.95012322,57.74338217,-103.93931078,0,0
CKP2,17,35,50.06411484,-105.40205885,50.05588716,-105.40183515,0,0
CKQ2,02,20,53.67523762,-103.35398231,53.68197838,-103.34601369,0,0
CKQ5,08,26,50.99420166,-107.13800049,50.99420166,-107.12400055,0.0,0.0
CKQ6,09,27,50.50034428,-99.90548843,50.49891083,-99.89277004,0.0,0.0
CKQ8,18,36,57.77453727,-105.02097983,57.76047612,-105.02744234,0,0
CKS3,04,22,52.48613168,-105.76855312,52.48996632,-105.75921688,0,0
CKS6,07,25,49.40972279,-103.14762728,49.41055917,-103.14121109,0,0
CKS6,11,29,49.41163655,-103.14788568,49.4079239,-103.13921615,0,0
CKS8,18,36,57.4689264,-106.74492714,57.4606176,-106.74994686,0,0
CKT7,11,29,52.65138836,-105.76800145,52.64686357,-105.75781497,0,0
CKU7,07,25,51.692,-105.38001559,51.692,-105.36728704,0,0
CKU7,13,31,51.69146112,-105.36826888,51.68431688,-105.35859912,0,0
CKU7,17,35,51.68509973,-105.358574,51.67824227,-105.358574,0,0
CKV2,17,35,52.12916673,-103.53024,52.12230927,-103.53024,0,0
CKV6,17,35,51.02002315,-101.816666,51.01330285,-101.816666,0,0
CKV7,16,34,49.89692296,-102.03072374,49.89145704,-102.02999638,0,0
CKW6,04,22,56.87205061,-103.59396382,56.87517139,-103.58715818,0,0
CKX5,04,22,51.33019712,-107.44191154,51.3334622,-107.43397905,0,0
CKX8,15,33,53.84038834,-107.01193504,53.83182966,-107.00694096,0,0
CKY2,10,28,50.33587444,-102.28037554,50.33352906,-102.27028067,0,0
CKZ7,09,27,49.17060354,-97.92628575,49.170619,-97.91442332,0,0
CKZ7,17,35,49.17050976,-97.92027143,49.16305907,-97.92027922,0,0
CLM2,01,19,42.01979828,-82.52570343,42.03020096,-82.52429962,1179.0,949.0
CMA2,06,24,46.29811204,-78.75072192,46.30157219,-78.74447758,400,0
CNA3,07,25,44.40575788,-79.73536416,44.40829234,-79.72812336,100.0,200.0
CNA4,12,30,45.54728781,-79.3480056,45.54485855,-79.33882537,0,0
CNA4,17,35,45.54829854,-79.34583964,45.54234716,-79.34165526,200,0
CNC3,08,26,43.7580986,-79.87940216,43.76029968,-79.87059784,190.0,0.0
CNC3,15,33,43.764198,-79.8778,43.756699,-79.8694,0.0,0.0
CNC4,05,23,43.56039337,-80.19607849,43.56421782,-80.19065381,0,0
CNC4,14,32,43.566982,-80.2011,43.562069,-80.194176,0,0
CND4,08,26,45.110311,-78.644709,45.1117448,-78.63538471,0,0
CNF3,05,23,45.48260072,-75.09871781,45.48513799,-75.08938393,0,0
CNF3,11,29,45.48909548,-75.09971799,45.48611812,-75.09068989,0,0
CNF3,15,33,45.48936384,-75.10198606,45.48253417,-75.09843658,0,0
CNK4,17,35,45.26279779,-79.83240597,45.25247034,-79.82714264,0.0,0.0
CNL3,04,22,44.63410187,-75.75450134,44.64479828,-75.7457962,0.0,0.0
CNL3,16,34,44.64164904,-75.75233732,44.63634449,-75.74829401,0.0,0.0
CNP3,10,28,45.4106895,-76.373389,45.41129332,-76.35806573,0.0,0.0
CNP3,16,34,45.41696313,-76.36787082,45.41136949,-76.363233,0.0,0.0
CNP7,06,24,44.83993975,-75.31459833,44.84401943,-75.3095337,0,0
CNQ3,05,23,42.97643921,-79.33039286,42.98407397,-79.32241077,0.0,0.0
CNQ3,11,29,42.977257,-79.328354,42.976154,-79.319733,0.0,0.0
CNQ3,16,34,42.98223188,-79.32446132,42.97621798,-79.31895348,0.0,0.0
CNR4,12,30,45.22325228,-81.63461455,45.22034269,-81.62298087,0.0,450.0
CNR6,15,33,45.10477482,-76.12394834,45.09909848,-76.12058769,0,0
CNR9,03L,21R,45.92348156,-79.92978729,45.92782624,-79.92602433,0,0
CNT6,10,28,43.585217,-80.607846,43.584368,-80.598157,400,0
CNU4,08,26,44.19075606,-77.31568568,44.19374573,-77.30305881,377,597
CNY3,01,19,44.44665951,-80.1656691,44.45359822,-80.16449534,0.0,0.0
CNY3,13,31,44.45170593,-80.16758728,44.44525528,-80.15087891,0.0,0.0
CNZ8,04,22,43.15542206,-79.6022492,43.16254142,-79.59757317,0.0,0.0
COL2,09,27,43.916214,-80.209185,43.917442,-80.202173,0,0
CPB5,12,30,50.46213155,-104.433423,50.45929445,-104.42771918,0,0
CPE4,17,35,43.44801817,-80.23478849,43.43814252,-80.23091881,700.0,565.0
CPE6,12,30,45.82408039,-79.33052152,45.82126293,-79.32096712,0,0
CPE6,4,22,45.81818763,-79.32792944,45.82519252,-79.32042336,0,0
CPF4,01,19,45.59277963,-76.83296929,45.5978612,-76.83258293,400,0
CPF4,10,28,45.59598638,-76.83831918,45.59453801,-76.8296891,200,400
CPG4,09,27,43.5937364,-80.51531627,43.5939045,-80.50849693,33,249
CPG5,09,27,45.58310175,-74.55432588,45.58285528,-74.54393718,230,279
CPL3,08,26,45.101009,-75.63418818,45.10516888,-75.62169507,0,0
CPR2,08,26,45.23807358,-75.30599389,45.24147702,-75.29752069,0,0
CPR7,13,31,43.87080002,-81.30470276,43.86529922,-81.29190063,0.0,0.0
CPS2,06,24,44.24984379,-78.11002221,44.25495802,-78.1019947,0,0
CPT3,03,21,43.31910201,-80.17875795,43.32515031,-80.1739906,499,600
CPT3,10,28,43.32009884,-80.17951762,43.31990717,-80.17309375,299,400
CPT3,18,36,43.32572013,-80.17691055,43.318563,-80.17620792,650,249
CPU6,06,24,44.18201751,-77.1141863,44.18772492,-77.10595983,0,0
CPU6,09,27,44.182054,-77.114303,44.18394435,-77.09823412,390.0,0.0
CPU6,15,33,44.18684415,-77.1076624,44.18192277,-77.10106119,150.0,0.0
CPV2,09,27,43.9578135,-80.15915476,43.95937862,-80.15105784,0,0
CPV9,15,33,50.04003906,-107.25505829,50.03586578,-107.25306702,0.0,0.0
CRF5,08,26,52.28024292,-106.69081116,52.2803154,-106.67736816,0.0,0.0
CSC3,06,24,45.8373317,-72.4053558,45.84987361,-72.38992909,0.0,0.0
CSD4,08,26,46.56226684,-75.58337705,46.56722307,-75.56914277,200.0,0.0
CSE5,08,26,46.99940109,-70.52110291,47.00329971,-70.51059723,0.0,0.0
CSF3,17,35,51.89340609,-65.71875524,51.88351351,-65.71081614,0,0
CSG3,15,33,46.04779816,-73.50610352,46.04169846,-73.49690247,0.0,0.0
CSG5,02,20,46.68099976,-71.15190125,46.6894989,-71.15139771,300.0,0.0
CSG5,06,24,46.68919372,-71.15192783,46.69431655,-71.14413035,151,0
CSH2,07,25,47.07075104,-70.53585511,47.07376487,-70.53089574,0,0
CSH4,15,33,49.0339616,-77.02248343,49.0255501,-77.01040393,0.0,0.0
CSJ4,09,27,46.24500852,-72.91271298,46.24652079,-72.90100297,0.0,0.0
CSL3,03,21,46.6189003,-72.63330078,46.62670135,-72.63059998,0.0,0.0
CSL3,16,34,46.62163908,-72.63358719,46.61736618,-72.6285778,0.0,0.0
CSL7,17,35,50.36747712,-103.74597446,50.36194184,-103.73666912,0,0
CSL7,8,26,50.36734897,-103.74641137,50.36734897,-103.73630968,0,0
CSM3,06,24,46.04719925,-71.26329803,46.05609894,-71.25109863,0.0,0.0
CSQ3,05,23,45.47669983,-72.31439972,45.48529816,-72.30639648,365.0,110.0
CSR3,06,24,46.105469,-71.939247,46.116367,-71.92408,0.0,0.0
CSR8,18,36,48.9233017,-79.18139648,48.91109848,-79.17579651,0.0,0.0
CST3,02,20,45.38737833,-74.13466938,45.39438322,-74.13299555,200,476
CST3,08,26,45.38827309,-74.14023418,45.39094648,-74.13217729,600,600
CSU3,02,20,45.60153081,-73.01570373,45.61195664,-73.01448805,420.0,0.0
CSY3,03,21,45.97470093,-73.04419708,45.98559952,-73.04060364,0.0,0.0
CTA4,10,28,47.44929886,-79.42710114,47.44929886,-79.4088974,0.0,0.0
CTG3,08,26,48.381001,-64.571899,48.385601,-64.556999,0.0,0.0
CTP9,11,29,61.66109209,-73.33993495,61.66340366,-73.3028484,0,0
CTT5,11,29,50.259899,-60.6824,50.2593,-60.6656,0.0,0.0
CTU2,09,27,54.55199858,-71.18455779,54.55585873,-71.16240756,0,0
CWC1,08,26,50.43972,-104.30923151,50.43972,-104.30354649,0,0
CWC1,10,28,50.42835191,-104.30718642,50.42689824,-104.29836305,0,0
CWC1,12,30,50.44049303,-104.30893409,50.43801696,-104.3037749,0,0
CYAB,13,31,73.00968933,-85.06182861,73.0030899,-85.03281403,0.0,0.0
CYAD,10,28,53.57151,-76.20812406,53.57210736,-76.18500808,0,0
CYAG,12,30,48.65800095,-93.44809723,48.6507988,-93.43299866,0.0,0.0
CYAH,09,27,53.75262776,-73.68703475,53.75651482,-73.664746,0,0
CYAL,09,27,50.58382636,-126.92187886,50.58081654,-126.90967429,3,0
CYAM,04,22,46.47818439,-84.51315458,46.49200108,-84.5002645,0.0,0.0
CYAM,12,30,46.48600769,-84.52088165,46.48096848,-84.49822235,0.0,0.0
CYAS,03,21,60.02249301,-70.00077149,60.03201899,-69.99758065,0,0
CYAT,06,24,52.924461,-82.437965,52.930725,-82.425987,0.0,0.0
CYAU,07,25,44.22710037,-64.86219788,44.23350143,-64.84999847,0.0,0.0
CYAV,04,22,50.05080032,-97.03559875,50.05609894,-97.02690125,0.0,0.0
CYAV,13,31,50.06140137,-97.03559875,50.05580139,-97.02610016,0.0,0.0
CYAV,18,36,50.06140137,-97.03679657,50.05350113,-97.03890228,0.0,0.0
CYAW,13,31,44.64072048,-63.50670071,44.63358086,-63.49771237,0,0
CYAX,18,36,50.29919815,-96.00920105,50.28919983,-96.01029968,0.0,0.0
CYAY,10,28,51.39089966,-56.09180069,51.39289856,-56.07450104,0.0,0.0
CYAZ,07,25,49.07590103,-125.78099823,49.07590103,-125.76000214,720.0,350.0
CYAZ,11,29,49.08250046,-125.78299713,49.07440186,-125.76599884,500.0,0.0
CYAZ,16,34,49.08940125,-125.78099823,49.07580185,-125.77899933,200.0,870.0
CYBA,18,36,51.21136389,-115.5386,51.20410277,-115.54313889,0,0
CYBB,05,23,68.53103995,-89.82037137,68.54078161,-89.79023596,0.0,0.0
CYBC,10,28,49.13104811,-68.21659499,49.13394021,-68.19191181,0.0,0.0
CYBD,05,23,52.38579941,-126.60399628,52.38940048,-126.58699799,0.0,115.0
CYBE,06,24,59.560001,-108.491997,59.562801,-108.471001,0.0,0.0
CYBF,08,26,54.30477457,-110.751663,54.30478417,-110.73089352,0.0,512.0
CYBG,11,29,48.33224734,-71.01671203,48.33170387,-70.97565335,0.0,0.0
CYBG,18,36,48.33836455,-70.99556613,48.32260523,-70.98821621,0.0,0.0
CYBK,16,34,64.30392202,-96.08138249,64.29310942,-96.07230795,0,0
CYBL,12,30,49.95833969,-125.28281403,49.94574356,-125.26329803,0.0,0.0
CYBP,02,20,50.6309708,-111.92885566,50.637065,-111.920868,0,0
CYBP,12,30,50.63739663,-111.93168334,50.630713,-111.922609,0,0
CYBQ,07,25,58.70447147,-98.52215091,58.70772747,-98.50216092,0,0
CYBR,08,26,49.90710068,-99.96589661,49.90750122,-99.93830109,0.0,0.0
CYBR,14,32,49.9136399,-99.94485236,49.9064007,-99.9381769,0.0,0.0
CYBT,4,22,57.88596583,-101.68506291,57.89323716,-101.67326765,0,0
CYBU,03,21,53.32962361,-104.01358644,53.33533542,-104.00408315,0,0
CYBW,08,26,51.10480499,-114.37853241,51.10480118,-114.36405945,0.0,0.0
CYBW,17,35,51.11216736,-114.37875366,51.0984726,-114.37873077,0.0,0.0
CYBX,05,23,51.43659973,-57.1908989,51.44760132,-57.18180084,0.0,0.0
CYCA,08,26,53.67955756,-57.04945878,53.68565242,-57.03446375,0,0
CYCB,13,31,69.1121593,-105.15256086,69.10366937,-105.12164928,0,0
CYCC,10,28,45.09204651,-74.57458439,45.09332016,-74.56112244,0.0,0.0
CYCD,16,34,49.0636001,-123.86994782,49.04550314,-123.87036724,197.0,1002.0
CYCE,10,28,43.28347393,-81.51580716,43.28303706,-81.49691776,0.0,0.0
CYCE,16,34,43.29079819,-81.50939941,43.28030014,-81.50140381,0.0,0.0
CYCG,15,33,49.30339813,-117.63500214,49.28910065,-117.62999725,0.0,0.0
CYCH,09,27,47.00129709,-65.47588025,47.01031058,-65.43784175,0.0,0.0
CYCK,06,24,42.30108443,-82.08920254,42.31134267,-82.07423485,0.0,0.0
CYCL,12,30,47.99250031,-66.34329987,47.98830032,-66.31939697,0.0,0.0
CYCN,13,31,49.10973057,-81.02337656,49.10368156,-81.00701825,0.0,0.0
CYCO,12,30,67.820556,-115.161111,67.812778,-115.126944,0,0
CYCP,01,19,52.11895136,-119.29823657,52.13102626,-119.28703698,0.0,0.0
CYCQ,05,23,55.68529892,-121.63700104,55.68909836,-121.61599731,0.0,0.0
CYCS,12,30,63.34989381,-90.74026503,63.34434199,-90.72206054,0,0
CYCT,11,29,52.07749939,-111.4509964,52.07249832,-111.44000244,0.0,0.0
CYCW,07,25,49.15190125,-121.9469986,49.15359879,-121.93099976,0.0,0.0
CYCY,02,20,70.48137964,-68.52161243,70.49051472,-68.51274621,0,0
CYCZ,15,33,50.33825621,-115.87545403,50.32198648,-115.87142648,0,820
CYDA,03,21,64.03780257,-139.1421306,64.04653505,-139.1179963,0.0,0.0
CYDB,11,29,61.375301,-139.052002,61.366901,-139.029007,0.0,0.0
CYDC,04,22,49.46462809,-120.51927308,49.47107339,-120.50596963,0.0,0.0
CYDF,07,25,49.20159759,-57.40647894,49.21675573,-57.3822384,0.0,0.0
CYDL,02,20,58.41719369,-130.0439007,58.42742622,-130.01926479,0.0,400.0
CYDM,09,27,61.97298297,-132.4361132,61.96803663,-132.40818612,0,0
CYDN,02,20,51.10139847,-100.05200195,51.10620117,-100.04799652,0.0,0.0
CYDN,08,26,51.1067009,-100.05799866,51.1067009,-100.04699707,0.0,0.0
CYDN,14,32,51.10720062,-100.05799866,51.09560013,-100.04699707,0.0,0.0
CYDO,03,21,48.77204285,-72.3778056,48.78143143,-72.37371287,0,0
CYDO,11,29,48.77899933,-72.3852005,48.77809906,-72.36460114,0.0,0.0
CYDQ,07,25,55.74179966,-120.19518103,55.74273965,-120.17097206,0.0,0.0
CYEA,11,29,50.93594911,-110.01876289,50.93110819,-110.00841471,0,0
CYEE,16,34,44.68947983,-79.93338013,44.68019867,-79.92539978,0.0,0.0
CYEG,02,20,53.30889893,-113.59600067,53.33420181,-113.56800079,0.0,0.0
CYEG,12,30,53.3064003,-113.59500122,53.2867012,-113.56199646,0.0,0.0
CYEK,15,33,61.09866253,-94.07750159,61.08926882,-94.06577294,0,0
CYEL,12,30,46.35359955,-82.56970215,46.34889984,-82.55310059,0.0,0.0
CYEM,02,20,45.83810043,-81.85939789,45.84749985,-81.85669708,0.0,0.0
CYEN,08,26,49.207901,-102.97599792,49.20800018,-102.95500183,0.0,0.0
CYEN,15,33,49.21402023,-102.96326637,49.20634078,-102.95892651,0.0,0.0
CYER,15,33,56.02285859,-87.68153464,56.0151946,-87.6709866,0,0
CYES,16,34,47.49469619,-68.48911063,47.48514115,-68.47451175,0.0,0.0
CYET,07,25,53.57899857,-116.47899628,53.5788002,-116.4509964,594.0,484.0
CYEU,10,28,79.99616446,-85.84882012,79.99290872,-85.77531612,0,0
CYEV,06,24,68.30319977,-133.50500488,68.30439758,-133.46099854,0.0,0.0
CYEY,14,32,48.5691212,-78.25733688,48.56062326,-78.24109698,0.0,0.0
CYFA,10,28,52.20312462,-81.70396107,52.20388269,-81.68789156,0,0
CYFB,16,34,63.764989,-68.574718,63.748182,-68.537471,0.0,0.0
CYFC,09,27,45.86299896,-66.5522995,45.87030029,-66.52249908,0.0,0.0
CYFC,15,33,45.874401,-66.539398,45.863602,-66.521698,0.0,0.0
CYFD,05,23,43.12745667,-80.34675598,43.13757706,-80.33391571,0.0,0.0
CYFD,11,29,43.13438797,-80.34877777,43.13332367,-80.33905029,0.0,0.0
CYFD,17,35,43.13412857,-80.34912109,43.12718964,-80.34646606,0.0,0.0
CYFE,09,27,48.74415669,-69.10507433,48.74796336,-69.08976037,0.0,0.0
CYFJ,02,20,46.401901,-74.781799,46.417,-74.777702,0.0,0.0
CYFO,01,19,54.67136541,-101.68438268,54.68477099,-101.67928402,0,0
CYFR,13,31,61.185001,-113.696999,61.176701,-113.681999,0.0,655.0
CYFS,14,32,61.76779938,-121.2440033,61.75279999,-121.23000336,0.0,0.0
CYGB,14,32,49.69749832,-124.51999664,49.68999863,-124.51499939,0.0,0.0
CYGD,05,23,43.763999938964844,-81.71330261230469,43.76759194,-81.71097332,0.0,0.0
CYGD,10,28,43.76395032,-81.71434103,43.76390075683594,-81.70030212402344,0.0,0.0
CYGD,14,32,43.77220284,-81.71851682,43.7637137,-81.70345763,0.0,0.0
CYGE,14,32,51.30489434,-116.98584018,51.29338501,-116.97837323,0.0,0.0
CYGH,07,25,66.24065922,-128.66259315,66.24042777,-128.63268909,0.0,0.0
CYGK,01,19,44.219101,-76.601799,44.2344847,-76.60331901,0.0,0.0
CYGK,07,25,44.2195549,-76.6014328,44.22558594,-76.59014893,0.0,0.0
CYGL,13,31,53.62879944,-77.71790314,53.62189865,-77.69039917,0.0,0.0
CYGM,15,33,50.63610077,-97.04940033,50.61970139,-97.03469849,0.0,0.0
CYGP,10,28,48.77423859,-64.49304199,48.7757988,-64.47041321,0.0,0.0
CYGQ,08,26,49.776707,-86.948692,49.780674,-86.928413,0.0,0.0
CYGR,07,25,47.42151109,-61.78679929,47.4281005859375,-61.77349853515625,0.0,0.0
CYGR,16,34,47.43062648,-61.77746621,47.42355349,-61.76729536,0.0,0.0
CYGT,15,33,69.36929178,-81.82547186,69.36001713,-81.80749012,0,0
CYGV,08,26,50.27920151,-63.61999893,50.28469849,-63.60279846,0.0,0.0
CYGW,03,21,55.27544898,-77.76894375,55.28862181,-77.76161049,0,0
CYGX,05,23,56.35289756,-94.72004422,56.36254782,-94.70136016,0,0
CYHA,18,36,61.050764,-69.62199341,61.04201463,-69.61356608,0,0
CYHB,06,24,52.81561218,-102.3216441,52.8208581,-102.30072922,0.0,0.0
CYHD,12,30,49.835105,-92.755151,49.828061,-92.732239,0.0,200.0
CYHE,07,25,49.36866917,-121.50499009,49.36865767,-121.48807239,0,0
CYHF,04,22,49.70890045,-83.69110107,49.71920013,-83.68080139,0.0,0.0
CYHH,09,27,51.68917174,-76.14617785,51.69294967,-76.12492412,0,0
CYHI,06,24,70.76003152,-117.82195442,70.76571589,-117.79000258,0,0
CYHK,13,31,68.63911174,-95.86369329,68.63185675,-95.83714078,0,0
CYHM,06,24,43.16669846,-79.93470001,43.17760086,-79.9178009,0.0,0.0
CYHM,12,30,43.180599,-79.953102,43.172199,-79.917503,1600.0,0.0
CYHN,07,25,49.19060135,-84.76529694,49.1955986,-84.75250244,0.0,0.0
CYHR,07,25,50.465401,-59.6446,50.4725,-59.628799,0.0,0.0
CYHS,01,19,44.15280151,-81.06279755,44.16389847,-81.06279755,0.0,0.0
CYHS,09,27,44.15704077,-81.06796846,44.15785494,-81.05846998,330.0,120.0
CYHT,04,22,60.7869498,-137.55856652,60.79197952,-137.53242143,0,0
CYHU,06L,24R,45.51075363,-73.42913055,45.52538681,-73.40686035,1100.0,0.0
CYHU,06R,24L,45.51247762,-73.41609942,45.51984216,-73.40488767,0.0,0.0
CYHU,10,28,45.51168431,-73.42630897,45.5123074,-73.41690259,0.0,0.0
CYHY,05,23,60.83940125,-115.78900146,60.84389877,-115.76899719,0.0,0.0
CYHY,14,32,60.84719849,-115.79599762,60.83190155,-115.78299713,0.0,0.0
CYHZ,05,23,44.86561421,-63.52729771,44.88921448,-63.50398621,0.0,361.0
CYHZ,14,32,44.89374168,-63.51745854,44.88156642,-63.49310663,0.0,0.0
CYIB,04,22,48.77030182,-91.64330292,48.77769852,-91.63410187,0.0,0.0
CYID,06,24,44.54190063,-65.79090118,44.54990005,-65.7806015,0.0,0.0
CYIF,01,19,51.20372857,-58.655823,51.21615343,-58.65902461,0.0,0.0
CYIK,07,25,62.41419983,-77.9332962,62.42020035,-77.91719818,0.0,0.0
CYIO,02,20,72.68444901,-77.9759931,72.69462461,-77.96206355,0,0
CYIV,12,30,53.86007829,-94.66163317,53.85425847,-94.64587787,0,0
CYJA,13,31,53.00254715,-118.0639252,52.99226367,-118.05767247,0,0
CYJF,03,21,60.23279657,-123.47614542,60.23817758,-123.46388914,0,0
CYJM,10,28,54.40106089,-124.27085732,54.3940197,-124.25678194,0.0,0.0
CYJN,02,20,45.29079819,-73.27580261,45.29750061,-73.27580261,0.0,0.0
CYJN,06,24,45.29249954,-73.28469849,45.29779816,-73.27719879,0.0,0.0
CYJN,11,29,45.29249954,-73.28939819,45.29249954,-73.27380371,600.0,0.0
CYJQ,10,28,52.13911597,-128.06241269,52.13458503,-128.05149236,0,0
CYJT,09,27,48.54029846,-58.56940079,48.5489006,-58.53030014,0.0,0.0
CYKA,09,27,50.70554762,-120.46540662,50.70052688,-120.43180112,0.0,0.0
CYKC,02,20,58.23010729,-103.68505083,58.24228988,-103.67025825,0,0
CYKD,13,31,68.226898,-135.011002,68.219704,-135.001007,0.0,0.0
CYKF,08,26,43.45793044,-80.38974256,43.46604035,-80.36575609,0.0,0.0
CYKF,14,32,43.462502,-80.391602,43.455502,-80.379501,0.0,0.0
CYKG,15,33,61.59104168,-71.93800568,61.585925,-71.92079672,0,0
CYKJ,03,21,57.2510347,-105.62656243,57.26161829,-105.60833418,0,0
CYKL,17,35,54.81060028,-66.81079865,54.7989006,-66.79859924,0.0,0.0
CYKM,05,23,44.20059967,-81.60310364,44.20470047,-81.59780121,0.0,0.0
CYKM,13,31,44.20439911,-81.61329651,44.19860077,-81.59999847,0.0,0.0
CYKO,08,26,60.81639862,-78.15750122,60.82080078,-78.13970184,0.0,0.0
CYKQ,06,24,51.47010281,-78.76413815,51.47654719,-78.75264438,0,0
CYKX,08,26,48.20819855,-79.98999786,48.21229935,-79.97250366,0.0,0.0
CYKY,08,26,51.518299,-109.188004,51.518299,-109.172997,0.0,0.0
CYKY,17,35,51.51819992,-109.18000031,51.51200104,-109.18000031,0.0,0.0
CYLA,04,22,59.29217857,-69.60230814,59.30148567,-69.59730454,0,0
CYLB,11,29,54.77529907,-112.04199982,54.76530075,-112.02100372,0.0,0.0
CYLD,05,23,47.81689835,-83.35669708,47.82329941,-83.34889984,0.0,0.0
CYLD,10,28,47.8225394,-83.35710649,47.82233822,-83.33667022,0.0,0.0
CYLI,14,32,50.67946783,-121.89471798,50.66892448,-121.89013216,0.0,0.0
CYLJ,09,27,54.12490082,-108.53399658,54.12250137,-108.51100159,0.0,0.0
CYLJ,17,35,54.1284363,-108.51374943,54.1221548,-108.51374943,0.0,0.0
CYLL,08,26,53.30920029,-110.08499908,53.30920029,-110.05999756,0.0,0.0
CYLL,13,31,53.31246623,-110.08896046,53.30974975,-110.08501484,0,0
CYLQ,01,19,47.40280151,-72.78749847,47.41640091,-72.79000092,0.0,0.0
CYLR,17,35,56.517431,-99.9847335,56.509261,-99.986256,0,0
CYLS,10,28,44.485523,-79.567108,44.486549,-79.544159,0.0,303.0
CYLT,05,23,82.51213754,-62.32796108,82.52228477,-62.24176783,0,0
CYLU,16,34,58.71465754,-65.99971344,58.70814246,-65.98600411,0,0
CYMA,07,25,63.61640167,-135.88299561,63.61640167,-135.85299683,0.0,0.0
CYME,09,27,48.85390091,-67.46240234,48.8586998,-67.44080353,0.0,0.0
CYMG,05,23,49.08029938,-85.86560059,49.08750153,-85.85559845,0.0,0.0
CYMH,11,29,52.30271672,-55.85361567,52.30299458,-55.84204664,0,0
CYMJ,03,21,50.3260994,-105.55799866,50.33280182,-105.54799652,0.0,0.0
CYMJ,11L,29R,50.33789825,-105.57499695,50.32699966,-105.54299927,0.0,0.0
CYMJ,11R,29L,50.33225922,-105.57454214,50.32264843,-105.54715965,0.0,0.0
CYML,15,33,47.60128106,-70.23113271,47.5939063,-70.21644975,0,0
CYMM,08,26,56.65319457,-111.2419794,56.65319869,-111.20472674,0.0,500.0
CYMO,06,24,51.2881012,-80.60890198,51.29610062,-80.59690094,0.0,0.0
CYMO,14,32,51.29499817,-80.61969757,51.28919983,-80.60749817,0.0,0.0
CYMT,04,22,49.764,-74.5345,49.779701,-74.5215,0.0,0.0
CYMU,02,20,56.53130831,-76.5192484,56.54091389,-76.51741737,0,0
CYMW,03,21,46.26636571,-75.99329777,46.27930126,-75.98778609,0.0,0.0
CYMX,06,24,45.67040253,-74.0217514,45.69369125,-73.98856354,0.0,0.0
CYMX,11,29,45.67079926,-74.08999634,45.66609955,-74.04360199,0.0,0.0
CYMY,10,28,50.718601,-93.391899,50.716702,-93.375,0.0,0.0
CYNA,14,32,50.19279861,-61.79779816,50.18690109,-61.7806015,0.0,0.0
CYNC,10,28,53.00971582,-78.83899458,53.01143818,-78.82324249,0,0
CYND,09,27,45.51959991,-75.57489777,45.5237999,-75.5522995,0.0,0.0
CYNE,06,24,53.95547657,-97.85241712,53.96079497,-97.83668232,0,0
CYNH,05,23,56.03331966,-121.99014556,56.03695812,-121.9667032,200.0,200.0
CYNJ,01,19,49.09849065,-122.63028795,49.10340079,-122.62568785,105,95
CYNJ,07,25,49.1030677,-122.63647769,49.10289017,-122.62498863,653,344
CYNL,16,34,58.28443791,-104.0864004,58.26893265,-104.07856999,0,0
CYNM,15,33,49.76649857,-77.81009674,49.75690079,-77.79489899,0.0,0.0
CYNR,17,35,57.38973138,-111.6991717,57.3734081,-111.70310817,0,0
CYOA,02,20,64.69095695,-110.62269366,64.70706905,-110.60666634,0,0
CYOC,04,22,67.56610107,-139.85499573,67.57279968,-139.82400513,300.0,200.0
CYOD,04,22,54.39670181,-110.28500366,54.41059875,-110.25499725,0.0,0.0
CYOD,13L,31R,54.41889954,-110.30500031,54.39110184,-110.26999664,0.0,0.0
CYOD,13R,31L,54.41669846,-110.31099701,54.39440155,-110.28199768,0.0,0.0
CYOJ,13,31,58.62749863,-117.17099762,58.61529922,-117.15899658,0.0,0.0
CYOO,05,23,43.91970062,-78.89749908,43.92610168,-78.89250183,0.0,0.0
CYOO,12,30,43.9244,-78.9039,43.920799,-78.889397,0.0,0.0
CYOP,09,27,58.49349976,-119.41899872,58.48920059,-119.39700317,0.0,0.0
CYOS,18,36,44.59560013,-80.83889771,44.58530045,-80.83640289,0.0,0.0
CYOW,04,22,45.32667542,-75.68901825,45.33430099,-75.6835022,250.0,0.0
CYOW,07,25,45.31330109,-75.67099762,45.32519913,-75.64479828,0.0,0.0
CYOW,14,32,45.327034,-75.68624115,45.31079102,-75.65492249,0.0,0.0
CYPA,08,26,53.2179985,-105.68480682,53.2179985,-105.66144562,0.0,0.0
CYPA,16,34,53.21771622,-105.67372894,53.21077728,-105.67169952,0.0,0.0
CYPC,02,20,69.35551493,-124.08141016,69.36579666,-124.07042881,0,0
CYPD,11,29,45.65650177,-61.37810135,45.65650177,-61.35860062,0.0,0.0
CYPE,04,22,56.22386212,-117.45907892,56.23075182,-117.43786101,0.0,0.0
CYPG,02,20,49.90390015,-98.26920319,49.9117012,-98.26499939,0.0,0.0
CYPG,09,27,49.91124237,-98.27846754,49.91136406,-98.26709415,0.0,0.0
CYPG,13L,31R,49.91080093,-98.27919769,49.90499878,-98.26940155,0.0,0.0
CYPG,13R,31L,49.90769958,-98.28450012,49.89440155,-98.26329803,0.0,0.0
CYPH,7,25,58.46865218,-78.08369773,58.47523582,-78.07018901,0,0
CYPK,08L,26R,49.21920013,-122.71499634,49.21860123,-122.70500183,0.0,0.0
CYPK,08R,26L,49.21475206,-122.72381881,49.21308306,-122.70302821,197.0,164.0
CYPK,18,36,49.21929271,-122.70661671,49.21295722,-122.71046826,0.0,0.0
CYPL,09,27,51.44649887,-90.22489929,51.44649887,-90.20330048,0.0,0.0
CYPM,09,27,51.819982,-93.98108639,51.819761,-93.96557901,0,0
CYPN,11,29,49.83639908,-64.29889679,49.83639908,-64.27829742,0.0,0.0
CYPO,11,29,54.98866467,-85.45171523,54.98738758,-85.4350784,0,0
CYPP,05,23,47.92881736,-74.61445038,47.93480508,-74.60238224,0,0
CYPQ,09,27,44.22821,-78.376152,44.232868,-78.350243,0.0,0.0
CYPQ,13,31,44.230652,-78.359787,44.228462,-78.353638,0.0,0.0
CYPR,13,31,54.29330063,-130.45199585,54.27890015,-130.43800354,0.0,0.0
CYPS,06,24,50.30179977,-122.7460022,50.30319977,-122.72899628,0.0,0.0
CYPT,01,19,41.77458908,-82.6741072,41.78038485,-82.67416146,299,0
CYPT,10,28,41.78056,-82.68406,41.780637,-82.672,0.0,0.0
CYPU,05,23,52.10960007,-124.15699768,52.11610031,-124.13200378,0.0,0.0
CYPW,09,27,49.8357909,-124.50755219,49.83237497,-124.49315515,0.0,0.0
CYPX,01,19,60.04371262,-77.28374481,60.06051254,-77.29146576,0.0,0.0
CYPY,04,22,58.76279831,-111.12799835,58.77140045,-111.10700226,0.0,0.0
CYPZ,11,29,54.38150024,-125.95999908,54.37139893,-125.94300079,0.0,0.0
CYQA,18,36,44.98469925,-79.3082962,44.96860123,-79.30419922,800.0,0.0
CYQB,06,24,46.7822,-71.406403,46.799974,-71.381072,0.0,0.0
CYQB,11,29,46.78879929,-71.4029007,46.78680038,-71.38040161,0.0,0.0
CYQD,13,31,53.97689819,-101.10099792,53.96580124,-101.08100128,0.0,0.0
CYQF,12,30,52.1794633,-113.90043222,52.17339269,-113.88856997,200.0,0.0
CYQF,17,35,52.19657215,-113.89261253,52.17599979,-113.89261253,0.0,0.0
CYQG,07,25,42.27330017,-82.97059631,42.28490067,-82.94120026,902.0,1143.0
CYQG,12,30,42.27330017,-82.97059631,42.26720047,-82.95330048,570.0,325.0
CYQH,09,27,60.11900972,-128.83677953,60.11389621,-128.80826708,0.0,0.0
CYQI,06,24,43.81750107,-66.09750366,43.82970047,-66.0821991,0.0,0.0
CYQI,15,33,43.83720016,-66.0931015,43.82780075,-66.07920074,0.0,0.0
CYQK,08,26,49.78659821,-94.37509918,49.7901001,-94.3513031,0.0,0.0
CYQL,06,24,49.62390137,-112.81500244,49.62990189,-112.79000092,0.0,0.0
CYQL,13,31,49.63639832,-112.7990036,49.625,-112.78399658,0.0,0.0
CYQM,06,24,46.105988,-64.694305,46.126205,-64.667664,0.0,0.0
CYQM,11,29,46.106842,-64.694359,46.1078,-64.662849,0.0,0.0
CYQN,05,23,50.17957556,-86.70088233,50.18439365,-86.6911205,0,0
CYQN,09,27,50.18220139,-86.70359802,50.18310165,-86.68890381,0.0,0.0
CYQQ,12,30,49.72069931,-124.90200043,49.70119858,-124.87200165,0.0,0.0
CYQQ,18,36,49.7201004,-124.89299774,49.70759964,-124.90100098,0.0,0.0
CYQR,08,26,50.42914,-104.68243728,50.4291424,-104.65586842,0.0,0.0
CYQR,13,31,50.44026961,-104.67243481,50.42415671,-104.64972078,0.0,0.0
CYQS,03,21,42.76637267,-81.10408953,42.77286125,-81.09999501,0.0,0.0
CYQS,09,27,42.77199936,-81.11920166,42.77360153,-81.10050201,0.0,0.0
CYQS,15,33,42.7722468,-81.11079319,42.7663654,-81.10523255,0.0,0.0
CYQT,07,25,48.37009811,-89.33380127,48.37680054,-89.30529785,0.0,0.0
CYQT,12,30,48.37480164,-89.33809662,48.36719894,-89.31950378,0.0,0.0
CYQU,07,25,55.18439865,-118.90000153,55.18439865,-118.87000275,0.0,0.0
CYQU,12,30,55.190102,-118.904587,55.173679,-118.875717,400.0,0.0
CYQV,03,21,51.26026768,-102.46959827,51.26957716,-102.45471862,0,0
CYQV,12,30,51.26581754,-102.46232117,51.26001131,-102.45310114,0,0
CYQW,06,24,52.76639938,-108.25299835,52.76789856,-108.24199677,0.0,0.0
CYQW,12,30,52.7743988,-108.25,52.76390076,-108.23500061,0.0,0.0
CYQX,03,21,48.92079926,-54.56829834,48.94839859,-54.56019974,0.0,0.0
CYQX,13,31,48.95330048,-54.58639908,48.94609833,-54.55110168,0.0,0.0
CYQY,06,24,46.15380096,-60.06119919,46.16719818,-60.04109955,0.0,0.0
CYQY,18,36,46.16949465,-60.04173457,46.15357441,-60.0357602,0.0,0.0
CYQZ,13,31,53.0326004,-122.51699829,53.01959991,-122.5039978,0.0,0.0
CYRB,17,35,74.72561094,-94.97728488,74.70825979,-94.96174574,0,0
CYRC,06,24,48.51935859,-71.06155458,48.52666598,-71.0507187,0.0,0.0
CYRC,12,30,48.51898193,-71.06260681,48.51474762,-71.03852081,0.0,0.0
CYRC,18,36,48.52628635,-71.04973724,48.51675986,-71.04586029,0.0,0.0
CYRI,05,23,47.75749969,-69.59169769,47.77140045,-69.57810211,0.0,0.0
CYRJ,16,34,48.52560043,-72.27189636,48.51440048,-72.25920105,0.0,0.0
CYRL,08,26,51.06579971,-93.80390167,51.06809998,-93.78220367,0.0,0.0
CYRM,13,31,52.43600082,-114.91100311,52.42350006,-114.89700317,0.0,0.0
CYRO,09,27,45.45991516,-75.64886475,45.46144867,-75.63777924,200.0,200.0
CYRP,04,22,45.32052645,-76.02747722,45.32591574,-76.02356789,197,102
CYRP,10,28,45.3185997,-76.02970123,45.31969833,-76.01470184,0.0,0.0
CYRQ,05,23,46.34105195,-72.68974742,46.36212641,-72.67118492,0.0,0.0
CYRT,13,31,62.81583284,-92.12859063,62.80556323,-92.1006398,0,0
CYRV,12,30,50.96744925,-118.19207984,50.9572523,-118.1765624,0.0,300.0
CYSA,05,23,43.41059875,-80.94000244,43.42079926,-80.92749786,0.0,1030.0
CYSA,17,35,43.4192009,-80.94110107,43.4117012,-80.93779755,0.0,0.0
CYSB,04,22,46.6175,-80.804703,46.633301,-80.792198,0.0,0.0
CYSB,12,30,46.62919998,-80.80750275,46.62530136,-80.78829956,0.0,0.0
CYSC,13,31,45.44250107,-71.70159912,45.43450165,-71.68109894,0.0,0.0
CYSE,15,33,49.78533539,-123.16313917,49.77899837,-123.16047823,0,0
CYSF,06,24,59.24843375,-105.85441798,59.25230765,-105.82847613,0,0
CYSG,06,24,46.09149933,-70.72190094,46.1012001,-70.70739746,403.0,0.0
CYSH,06,24,44.94219971,-75.94609833,44.94929123,-75.93499756,0.0,0.0
CYSH,13,31,44.94657065,-75.93836922,44.943439,-75.93430021,0,0
CYSJ,05,23,45.30250168,-65.89420319,45.31919861,-65.88059998,0.0,0.0
CYSJ,14,32,45.32939911,-65.90000153,45.32220078,-65.88310242,0.0,0.0
CYSK,09,27,56.535126,-79.258995,56.538681,-79.241264,0.0,0.0
CYSL,18,36,47.16230011,-67.83950043,47.15230179,-67.83309937,0.0,0.0
CYSM,03,21,60.01962556,-111.96269613,60.02328029,-111.95607598,0.0,0.0
CYSM,12,30,60.02593326,-111.97382806,60.0147338,-111.94969854,0.0,0.0
CYSN,01,19,43.18697329,-79.17813669,43.19383695,-79.17846292,0.0,0.0
CYSN,06,24,43.18790054,-79.1785965,43.19620132,-79.16369629,0.0,0.0
CYSN,11,29,43.19375875,-79.17873557,43.19321271,-79.17130378,0.0,0.0
CYSP,16,34,48.76194036,-86.34955386,48.75281836,-86.34257186,0.0,200.0
CYSQ,01,19,59.57178796,-133.67683182,59.58109183,-133.66591406,0,0
CYST,04,22,53.84204808,-94.857371,53.84902581,-94.84695529,0,0
CYSU,05,23,46.4314,-63.8428,46.4492,-63.8242,0.0,0.0
CYSW,17,35,49.84035703,-114.87711938,49.82951142,-114.87992196,0.0,0.0
CYSY,08,26,71.99311941,-125.25895896,71.99423339,-125.22395876,0,0
CYSZ,14,32,49.12279892,-66.53639984,49.11719894,-66.52189636,0.0,295.0
CYTA,17,35,45.87080002,-77.25559998,45.85810089,-77.24780273,0.0,0.0
CYTE,13,31,64.2336833,-76.53509999,64.22703871,-76.51511241,0,0
CYTF,13,31,48.51134621,-71.65078997,48.50572947,-71.63190413,0.0,0.0
CYTH,06,24,55.79641,-97.874733,55.804108,-97.850082,0.0,0.0
CYTH,15,33,55.812851,-97.866463,55.80069,-97.8545,0.0,0.0
CYTL,14,32,53.82162933,-89.90341748,53.81415358,-89.89044988,0,0
CYTN,06,24,45.60710144,-62.62810135,45.61660004,-62.61410141,0.0,0.0
CYTN,10,28,45.61000061,-62.62760162,45.61090088,-62.61909866,0.0,0.0
CYTQ,05,23,58.66350712,-69.96050533,58.67182066,-69.95106915,0,0
CYTR,06,24,44.110332,-77.543018,44.127748,-77.513505,1000.0,1000.0
CYTS,03,21,48.56309891,-81.37889862,48.57830048,-81.37000275,0.0,0.0
CYTS,10,28,48.56969833,-81.38670349,48.56940079,-81.36640167,0.0,0.0
CYTZ,06,24,43.62585831,-79.39755249,43.63019943,-79.39044189,0.0,0.0
CYTZ,8,26,43.62746469,-79.4033406,43.6309737,-79.3890673,0,0
CYUB,10,28,69.43732,-133.042374,69.428878,-133.009919,200.0,200.0
CYUL,06L,24R,45.46106339,-73.76501465,45.48327637,-73.73592377,0.0,0.0
CYUL,06R,24L,45.45766068,-73.74138641,45.47702026,-73.71601105,0.0,0.0
CYUL,10,28,45.46267393,-73.76594676,45.46347741,-73.73861335,0,0
CYUT,16,34,66.525783,-86.228517,66.516994,-86.220931,0,0
CYUX,12,30,68.77881522,-81.25897637,68.77179791,-81.22285902,0,0
CYUY,08,26,48.20100021,-78.84889984,48.21060181,-78.82170105,0.0,0.0
CYVB,13,31,48.07450104,-65.47129822,48.06760025,-65.44909668,0.0,0.0
CYVC,11,29,55.150902,-105.274002,55.148499,-105.263,0.0,0.0
CYVC,18,36,55.15810013,-105.26000214,55.14459991,-105.26399994,0.0,0.0
CYVD,08,26,49.87817122,-100.92742667,49.87823006,-100.90903862,0,0
CYVG,10,28,53.35910614,-110.83166823,53.35467821,-110.81802166,0.0,1100.0
CYVK,05,23,50.24459602,-119.33797839,50.24775835,-119.32378158,0.0,460.0
CYVM,03,21,67.54219514,-64.03899151,67.55095285,-64.02418336,0,0
CYVO,18,36,48.06669998,-77.78649902,48.03979874,-77.77880096,0.0,0.0
CYVP,07,25,58.08440018,-68.43810272,58.09640121,-68.41670227,0.0,0.0
CYVP,13,31,58.10499954,-68.43190002,58.10189819,-68.40670013,0.0,0.0
CYVQ,10,28,65.285599,-126.815002,65.277702,-126.780998,0.0,0.0
CYVR,08L,26R,49.20500183,-123.2009964,49.20059967,-123.16000366,0.0,0.0
CYVR,08R,26L,49.1900989,-123.20781589,49.18439865112305,-123.16100311279297,697.0,0.0
CYVR,13,31,49.19990158,-123.2009964,49.18420029,-123.18199921,0.0,0.0
CYVT,06,24,55.84394442,-108.43084436,55.84539968,-108.41992551,0.0,0.0
CYVT,12,30,55.84621352,-108.42355577,55.83765138,-108.40448041,0.0,0.0
CYVV,05,23,44.73920059,-81.11720276,44.74919891,-81.10389709,0.0,0.0
CYVV,11,29,44.743551,-81.110667,44.74127998,-81.0990205,0.0,0.0
CYVZ,13,31,52.65842838,-94.06680406,52.65244918,-94.05438716,0,0
CYWG,13,31,49.9128,-97.252197,49.895302,-97.227203,0.0,0.0
CYWG,18,36,49.9253006,-97.23419952,49.89559937,-97.24169922,0.0,0.0
CYWJ,08,26,65.21209356,-123.44930694,65.21016732,-123.42365706,0,0
CYWK,18,36,52.9304657,-66.86924744,52.91498566,-66.86009979,0.0,0.0
CYWL,12,30,52.19006323,-122.06560617,52.17676645,-122.04301509,0.0,0.0
CYWM,17,35,54.7486,-113.204002,54.737801,-113.204002,0.0,0.0
CYWV,13,31,52.79973939,-110.86292185,52.79343524,-110.8542086,0.0,0.0
CYWY,11,29,63.21260071,-123.44499969,63.20629883,-123.42900085,495.0,0.0
CYXC,16,34,49.62308816,-115.78233818,49.60114667,-115.78184169,0.0,0.0
CYXE,09,27,52.17850113,-106.71800232,52.17419815,-106.68199921,0.0,0.0
CYXE,15,33,52.179199,-106.705002,52.16294,-106.696728,0.0,0.0
CYXH,03,21,50.01399994,-110.72799683,50.0237999,-110.71299744,0.0,0.0
CYXH,09,27,50.017948,-110.72621979,50.01558426,-110.71462982,0.0,0.0
CYXJ,03,21,56.231998,-120.75,56.244999,-120.726997,0.0,191.0
CYXJ,12,30,56.244999,-120.752998,56.231701,-120.730003,0.0,0.0
CYXK,07,25,48.47389984,-68.50389862,48.48220062,-68.48970032,0.0,0.0
CYXL,16,34,50.12086105,-91.90970612,50.10730743,-91.9016571,300.0,0.0
CYXN,15,33,62.24483729,-92.60389603,62.23531808,-92.59198302,0,0
CYXP,06,24,66.14305069,-65.72227365,66.1468442,-65.70466168,0,0
CYXQ,14,32,62.41509908,-140.87218648,62.40532279,-140.86537642,0,341
CYXR,08,26,47.69390106,-79.85800171,47.70130157,-79.8361969,0.0,0.0
CYXR,16,34,47.69580078,-79.86109924,47.68889999,-79.85500336,0.0,300.0
CYXS,01,19,53.88589859,-122.6780014,53.8946991,-122.66899872,984.0,373.0
CYXS,06,24,53.8857,-122.693001,53.888699,-122.667999,0.0,407.0
CYXS,15,33,53.89950975,-122.67080833,53.8685751,-122.66211981,0.0,500.0
CYXT,03,21,54.45854504,-128.58628567,54.46758826,-128.56646685,0.0,0.0
CYXT,15,33,54.47869873,-128.58999634,54.45840073,-128.58500671,0.0,0.0
CYXU,09,27,43.0381012,-81.16390228,43.04169846,-81.14080048,0.0,0.0
CYXU,15,33,43.042099,-81.15979767,43.02399826,-81.13809967,0.0,0.0
CYXX,01,19,49.01860046,-122.3789978,49.03139877,-122.37000275,0.0,0.0
CYXX,07,25,49.01890182,-122.37999725,49.020401,-122.33999634,0.0,295.0
CYXY,14L,32R,60.718483,-135.070328,60.701599,-135.057312,0.0,0.0
CYXY,14R,32L,60.72169876,-135.07699585,60.69760132,-135.05700684,850.0,1400.0
CYXZ,03,21,47.96110153,-84.79029846,47.97219849,-84.78309631,0.0,689.0
CYYB,08,26,46.35740608,-79.44228277,46.36883817,-79.40627114,0.0,0.0
CYYB,13,31,46.369998931884766,-79.42610168457031,46.36702474,-79.41681562,0.0,0.0
CYYB,18,36,46.37027593,-79.4269815,46.358231,-79.423112,0.0,0.0
CYYC,08,26,51.10406827,-114.03055341,51.1040546,-114.00350406,0,0
CYYC,11,29,51.12639999,-114.03700256,51.11560059,-114.0059967,0.0,0.0
CYYC,17L,35R,51.1483,-113.989998,51.110001,-113.989998,0.0,0.0
CYYC,17R,35L,51.13140106,-114.02100372,51.09659958,-114.02100372,0.0,0.0
CYYD,15,33,54.83554496,-127.18580882,54.81517573,-127.17994223,0.0,0.0
CYYE,04,22,58.8307991,-122.61599731,58.84030151,-122.58799744,0.0,0.0
CYYE,08,26,58.8380611,-122.59614476,58.83600334,-122.57758575,0.0,0.0
CYYF,16,34,49.4707797,-119.6019348,49.45432791,-119.60262387,0.0,300.0
CYYG,03,21,46.27970123,-63.12749863,46.29859924,-63.12310028,0.0,0.0
CYYG,10,28,46.29390949,-63.12895501,46.29760773,-63.10169677,0.0,0.0
CYYH,15,33,69.55154539,-93.58476534,69.54178717,-93.56928498,0,0
CYYJ,03,21,48.64239192,-123.43541844,48.65229839,-123.42091859,1405.0,886.0
CYYJ,09,27,48.6518205,-123.4396673,48.6468194,-123.4116675,0.0,0.0
CYYJ,14,32,48.65320272,-123.43392104,48.6410817,-123.42423607,427.0,0.0
CYYL,08,26,56.86100006,-101.08200073,56.86130142,-101.06999969,0.0,0.0
CYYL,17,35,56.87060165,-101.06999969,56.85689926,-101.06999969,0.0,0.0
CYYM,03,21,49.6344446,-114.10111312,49.63978148,-114.0882965,0,0
CYYM,11,29,49.64010301,-114.10217989,49.63231829,-114.08872152,0,0
CYYN,04,22,50.28889847,-107.6989975,50.29330063,-107.69100189,0.0,0.0
CYYN,12,30,50.29676204,-107.69570259,50.28841233,-107.68296556,0,0
CYYO,09,27,51.81072038,-104.17646264,51.80925873,-104.16335567,0.0,0.0
CYYQ,07,25,58.75137245,-94.07503583,58.75519943237305,-94.05120086669922,0.0,0.0
CYYQ,15,33,58.74570084,-94.07769775,58.72330093,-94.05539703,0.0,0.0
CYYR,08,26,53.30390167,-60.44810104,53.32139969,-60.40670013,0.0,0.0
CYYR,15,33,53.33390045,-60.43640137,53.31610107,-60.40439987,0.0,0.0
CYYT,10,28,47.62361542,-52.77158413,47.6252794,-52.73720189,0.0,0.0
CYYT,16,34,47.625801,-52.7514,47.6106,-52.733898,0.0,0.0
CYYU,10,28,49.41440791,-82.47624757,49.4145984,-82.46117495,0,0
CYYU,17,35,49.41845505,-82.47421119,49.40463359,-82.46489815,0.0,0.0
CYYW,12,30,50.29660113,-88.91761546,50.29132863,-88.90263814,0.0,0.0
CYYW,18,36,50.29088714,-88.90337685,50.28360658,-88.90310583,0.0,0.0
CYYY,06,24,48.60359955,-68.21640015,48.61640167,-68.20079803,500.0,0.0
CYYY,15,33,48.608529,-68.21500117,48.60124955,-68.20266059,0.0,230.0
CYYZ,05,23,43.6739006,-79.66390228,43.69469833,-79.63330078,135.0,485.0
CYYZ,06L,24R,43.66104889,-79.62342834,43.67897797,-79.59736633,0.0,197.0
CYYZ,06R,24L,43.65829849,-79.62192535,43.67528915,-79.59723663,0.0,0.0
CYYZ,15L,33R,43.69281799,-79.6433064,43.67080544,-79.61455253,0.0,0.0
CYYZ,15R,33L,43.68579865,-79.65170288,43.66749954,-79.62830353,588.0,588.0
CYZE,05,23,45.88205144,-82.57278047,45.88770684,-82.56648551,0,0
CYZE,11,29,45.88258758,-82.57903859,45.88082588,-82.55756974,0.0,0.0
CYZF,10,28,62.47129822,-114.45300293,62.46530151,-114.42700195,0.0,0.0
CYZF,16,34,62.47320175,-114.44400024,62.45280075,-114.44100189,0.0,0.0
CYZG,03,21,62.1745947,-75.66833352,62.1842053,-75.66616813,0,0
CYZH,10,28,55.29650116,-114.79000092,55.2901001,-114.76599884,0.0,557.0
CYZP,13,31,53.25999832,-131.82099915,53.24860001,-131.80700684,0.0,0.0
CYZR,06,24,42.9975238,-82.31217247,43.00313561,-82.30399443,0.0,0.0
CYZR,15,33,43.004398,-82.3153,42.994202,-82.3022,0.0,0.0
CYZS,16,34,64.19955762,-83.3661037,64.18710938,-83.35279029,0,0
CYZT,08,26,50.68069138,-127.37683427,50.68001746,-127.35955143,0.0,0.0
CYZT,11,29,50.68610001,-127.3730011,50.67720032,-127.35700226,0.0,0.0
CYZT,16,34,50.68579865,-127.37200165,50.67499924,-127.3710022,0.0,1475.0
CYZU,11,29,54.14839935,-115.79799652,54.1393013,-115.77600098,0.0,0.0
CYZV,09,27,50.21720123,-66.27919769,50.22359848,-66.25250244,0.0,0.0
CYZV,13,31,50.22969818,-66.27690125,50.2242012,-66.25250244,0.0,0.0
CYZW,09,27,60.174702,-132.755997,60.170898,-132.729996,0.0,0.0
CYZX,08,26,44.98109818,-64.93250275,44.99069977,-64.90470123,0.0,0.0
CYZX,12,30,44.98360062,-64.93139648,44.97719955,-64.90170288,0.0,0.0
CYZY,17,35,55.30631222,-123.13214717,55.29258116,-123.13466072,0.0,0.0
CZAC,10,28,56.090661,-96.097272,56.088411,-96.081133,0,0
CZAM,14,32,50.6882019,-119.23200226,50.67739868,-119.22499847,0.0,0.0
CZBA,09,27,43.44079971,-79.85440063,43.44189835,-79.84609985,475.0,172.0
CZBA,14,32,43.44499969,-79.85469818,43.43840027,-79.84420013,90.0,324.0
CZBB,07,25,49.0780983,-123.01999664,49.07789993,-122.9960022,0.0,600.0
CZBB,13,31,49.07820129394531,-123.01899719238281,49.06731882,-123.00699239,0.0,0.0
CZBD,9,27,56.051522,-95.631619,56.05161,-95.606845,0,0
CZBF,10,28,47.62845279,-65.75149187,47.63060454,-65.72894337,0.0,0.0
CZBM,05,23,45.285484,-72.747879,45.296387,-72.736069,0.0,0.0
CZBM,05R,23L,45.28328842,-72.74777007,45.2902304,-72.7403058,0.0,0.0
CZEE,12,30,56.039544,-96.514512,56.03419167,-96.49831944,0,0
CZEM,02,20,52.2215891,-78.52337534,52.23119413,-78.52217024,0,0
CZFA,09,27,62.20917004,-133.38422658,62.20474069,-133.36273614,0.0,0.0
CZFD,10,28,59.33677146,-107.19136208,59.33232112,-107.17286966,0,0
CZFM,12,30,67.411209,-134.868118,67.402596,-134.851395,0.0,0.0
CZFN,07,25,64.90921007,-125.58208568,64.910225,-125.55677222,0,0
CZGF,07,25,49.01530075,-118.43900299,49.01530075,-118.42099762,0.0,0.0
CZHP,07,25,55.39350128,-116.48500061,55.39369965,-116.46600342,0.0,0.0
CZJN,02,20,52.11680378,-101.23862686,52.12611083,-101.22983773,0.0,0.0
CZJN,08,26,52.11782512,-101.23886576,52.11782187,-101.23520024,0.0,0.0
CZJN,09,27,52.11781807,-101.23520563,52.11779082,-101.23009237,0,0
CZKE,07,25,52.27915587,-81.68478609,52.28575999,-81.67082184,0,0
CZMD,05,23,53.43831257,-91.76895866,53.44459891,-91.75679782,0,0
CZML,15,33,51.74300003,-121.33699799,51.7303009,-121.33000183,415.0,0.0
CZMT,13,31,54.03278424,-132.13114113,54.0213361,-132.11894021,0.0,250.0
CZNL,04,22,49.4919014,-117.30599976,49.49610138,-117.29499817,0.0,200.0
CZPB,10,28,53.89133835,-92.20443715,53.89073811,-92.18815961,0,0
CZPC,07,25,49.52044,-114.01098741,49.52044035,-113.98320741,404,1201
CZPO,16,34,55.53207181,-106.58330618,55.52394419,-106.58103182,0,0
CZRJ,03,21,52.93909898,-91.31587984,52.94817623,-91.30927954,0,0
CZSJ,11,29,53.06607408,-93.35173664,53.06227635,-93.33704596,0,0
CZSN,18,36,56.79796484,-98.90600429,56.78743982,-98.90834584,0,0
CZST,18,36,55.94062582,-129.97846797,55.93072563,-129.98594094,0.0,0.0
CZTM,1,19,55.85700457,-92.08246737,55.86794378,-92.08061704,0,0
CZUC,05,23,49.4254309,-91.72577571,49.431506,-91.71428894,0.0,0.0
CZUM,13,31,53.5644989,-64.11820221,53.56069946,-64.09369659,0.0,0.0
CZVL,08,26,53.67382431,-113.86203003,53.67144775,-113.83931732,0.0,0.0
CZVL,16,34,53.67223358,-113.86521149,53.66265869,-113.86521149,0.0,0.0
CZWH,3,21,58.61031379,-101.47414228,58.61824725,-101.46370706,0,0
CZWL,17,35,58.11213211,-103.1732571,58.10176589,-103.1711949,0,0
NZAA,05R,23L,-37.01703504,174.76817151,-37.00662935,174.80576083,1125.0,0.0
NZAP,10,28,-38.74097192,176.07599651,-38.74436742,176.08245088,0,0
NZAP,17,35,-38.73429871,176.08700562,-38.74649811,176.08200073,0.0,0.0
NZAR,03,21,-37.03524017,174.96891785,-37.02634811,174.98022461,345.0,367.0
NZAR,03L,21R,-37.03166157,174.9715466,-37.02851502,174.9755364,0,0
NZAR,07,25,-37.02899662,174.96912102,-37.02897411,174.97404258,0,0
NZAS,02,20,-43.90673306,171.7985502,-43.90064994,171.80588509,0,0
NZAS,06,24,-43.9032083,171.79125732,-43.90243301,171.80831772,0,0
NZAS,11,29,-43.89685026,171.79853572,-43.90262166,171.80850603,0,0
NZAS,16,34,-43.89696464,171.79868087,-43.90668104,171.79900559,0,0
NZBA,07,25,-46.24501631,169.74438395,-46.24626345,169.753373,0,0
NZCB,03,21,-46.04380229,168.31157911,-46.03774023,168.31278262,0,0
NZCH,02,20,-43.49760056,172.52200317,-43.47499847,172.54800415,0.0,0.0
NZCH,02L,20R,-43.48600323,172.53070712,-43.48244709,172.53479701,0,0
NZCH,11,29,-43.48460007,172.5249939,-43.49470139,172.54100037,0.0,0.0
NZCX,12,30,-36.78767679,175.50466922,-36.79217466,175.50859905,0,0
NZDA,04,22,-35.94138225,173.88798972,-35.9372438,173.89770916,0,0
NZDA,04L,22R,-35.94107021,173.8883594,-35.9371706,173.89753542,0,0
NZDN,03,21,-45.93389893,170.18699646,-45.92440033,170.20799255,0.0,0.0
NZDV,02,20,-40.23798192,176.07244435,-40.22735367,176.08363735,0,0
NZDV,08,26,-40.22761098,176.07531911,-40.2288596,176.08343307,0,0
NZFF,05,23,-43.38631649,172.35797058,-43.38436267,172.36615039,0,0
NZFF,10,28,-43.38424044,172.35693851,-43.38762917,172.36510488,0,0
NZFF,18,36,-43.37834542,172.36411304,-43.38695007,172.36010383,0,0
NZFI,10,28,-40.25360107,175.6000061,-40.2580986,175.61099243,0.0,0.0
NZFJ,11,29,-43.36021504,170.12843239,-43.36436376,170.13653222,0,0
NZGA,01,19,-38.40779772,176.74122093,-38.39973162,176.74688593,0,0
NZGB,06,24,-36.2417672,175.46609349,-36.24108625,175.47295946,0,0
NZGB,10,28,-36.2390431,175.4641527,-36.24323682,175.47300368,0,0
NZGM,01,19,-42.4666251,171.18675163,-42.45781581,171.19396997,240,180
NZGS,03,21,-38.66607848,177.97188208,-38.65901511,177.98193334,0.0,0.0
NZGS,09,27,-38.65960145,177.97011538,-38.66398563,177.98234347,0.0,0.0
NZGS,14,32,-38.65828294,177.9749724,-38.66963507,177.97904331,0,0
NZGS,14L,32R,-38.65846432,177.97852607,-38.66496262,177.98087041,0.0,653.0
NZGT,15,33,-43.90607003,170.12778079,-43.91541246,170.12982185,0.0,0.0
NZGY,14,32,-44.86864532,168.39646774,-44.87442316,168.39883268,0,0
NZHA,02,20,-39.55671736,174.26735114,-39.55139354,174.27297314,0,0
NZHA,07,25,-39.55159213,174.26514869,-39.55175774,174.27302706,0,0
NZHA,14,32,-39.5500085,174.26616924,-39.55798349,174.26983757,0,0
NZHK,03,21,-42.71378326,170.97944641,-42.70735931,170.99290466,263.0,262.0
NZHK,12,30,-42.710602,170.983994,-42.7197,170.992004,0.0,0.0
NZHN,07,25,-37.86188844,175.32514084,-37.86235951,175.33186939,0.0,0.0
NZHN,18L,36R,-37.85573368,175.33623652,-37.87486715,175.329273,387.0,446.0
NZHN,18R,36L,-37.86136971,175.33292463,-37.8667798,175.33095837,0.0,0.0
NZHS,01,19,-39.64900979,176.76361504,-39.64075899,176.76961441,305,108
NZHS,01R,19L,-39.64955679,176.76452258,-39.64311201,176.76909346,299,0
NZHS,11,29,-39.64308142,176.7606237,-39.6480586,176.76813938,577,197
NZHT,01,19,-43.86877317,169.04138233,-43.86174625,169.04092889,0,0
NZHT,07,25,-43.86627077,169.03762876,-43.86314689,169.04366936,0,0
NZHT,12,30,-43.86292667,169.03739128,-43.86462167,169.04464795,0,0
NZKF,07,25,-36.40611503,174.58322768,-36.40591755,174.59153614,0,0
NZKI,05,23,-42.42633641,173.60025059,-42.42385153,173.60808594,0,0
NZKI,05L,23R,-42.42553064,173.60221837,-42.42334754,173.60910204,0,0
NZKK,02,20,-35.26367315,173.91407174,-35.26029067,173.91753054,0.0,0.0
NZKK,15,33,-35.25242821,173.91052412,-35.26280184,173.91374581,0,0
NZKT,12,30,-35.06430054,173.28100586,-35.07450104,173.29100037,0.0,0.0
NZKT,18,36,-35.06801619,173.2886033,-35.07873595,173.28378804,259.0,0.0
NZLX,01,19,-45.21437256,169.36797393,-45.20912282,169.37214168,236.0,0.0
NZLX,14,32,-45.2062748,169.36892233,-45.21640639,169.37429253,0,0
NZLX,14L,32R,-45.2057991,169.36999512,-45.21580124,169.375,0.0,0.0
NZMA,04,22,-37.7333002,175.73735348,-37.72982044,175.74528728,0,0
NZMA,10,28,-37.73458489,175.73672899,-37.74080749,175.74894361,0,0
NZMC,13,31,-43.75999832,170.13000488,-43.77280045,170.13800049,144.0,180.0
NZMF,11,29,-44.67144397,167.91915826,-44.67543663,167.92706777,0,0
NZMJ,06,24,-44.36804813,168.01337162,-44.36431312,168.01839484,0,0
NZMJ,14,32,-44.36166612,168.01486699,-44.36357684,168.01950067,0,0
NZMJ,17,35,-44.35824257,168.00700839,-44.36308542,168.01020753,0,0
NZMK,02,20,-41.12336832,172.98774966,-41.11824254,172.99479819,262,285
NZMO,08,26,-45.53154753,167.64309588,-45.53449335,167.66300361,0.0,0.0
NZMO,18,36,-45.52854063,167.64396324,-45.5386682,167.64860284,0,0
NZMS,06,24,-40.97590503,175.62754508,-40.9733892,175.64206558,0,433
NZMS,06L,24R,-40.97532004,175.62692494,-40.97436906,175.63237631,0.0,0.0
NZMS,06R,24L,-40.97651796,175.62803986,-40.9743996,175.64019497,0.0,689.0
NZMS,10,28,-40.97219849,175.6269989,-40.97719955,175.63800049,266.0,200.0
NZMT,11,29,-41.21060899,175.48356929,-41.21447857,175.49027234,0,0
NZNE,03,21,-36.65879196,174.65222442,-36.65396455,174.65860318,361,144
NZNE,09,27,-36.65564895,174.65343027,-36.65696505,174.65946849,0,0
NZNP,05,23,-39.01050282,174.16997454,-39.00569957,174.18379781,0,0
NZNP,05R,23L,-39.01131675,174.16935211,-39.00744422,174.18055985,0.0,0.0
NZNP,14,32,-39.00030136,174.17900085,-39.01029968,174.18400574,0.0,0.0
NZNR,07,25,-39.46459961,176.85699463,-39.46429825,176.87199402,0.0,302.0
NZNR,16,34,-39.46199,176.868042,-39.477695,176.866318,0.0,0.0
NZNS,02,20,-41.30137342,173.21894288,-41.29221514,173.22948349,0.0,0.0
NZNS,06,24,-41.296131,173.216995,-41.295452,173.224167,0.0,0.0
NZNV,04,22,-46.41880035,168.30099487,-46.41040039,168.32699585,591.0,558.0
NZNV,04R,22L,-46.4157411,168.31515835,-46.41306778,168.32341517,118.0,0.0
NZNV,12,30,-46.41259129,168.31482192,-46.4176917,168.32083843,138.0,102.0
NZOH,09,27,-40.20220184,175.3730011,-40.20940018,175.3999939,486.0,0.0
NZOH,09L,27R,-40.20104877,175.37462177,-40.20268633,175.38073233,0,0
NZOH,15,33,-40.19829941,175.38499451,-40.21680069,175.38999939,2099.0,2099.0
NZOM,01,19,-41.54477303,173.92105633,-41.5383375,173.92724614,0,0
NZOM,07,25,-41.54130534,173.9199032,-41.54065812,173.92796786,0,0
NZOM,12,30,-41.53855459,173.92004283,-41.54448729,173.92776707,0,0
NZOU,02,20,-44.96932828,171.08071317,-44.96351548,171.08888259,0.0,0.0
NZOU,11,29,-44.968277,171.08094799,-44.97474945,171.0898729,0.0,328.0
NZOU,18,36,-44.96186447,171.08514404,-44.9721489,171.07785034,0.0,0.0
NZOX,18,36,-36.14284176,175.41995507,-36.14950364,175.41657472,0,0
NZPI,07,25,-36.65194985,174.43036263,-36.65197884,174.43860807,0,0
NZPM,07,25,-40.31988185,175.603226,-40.31984015,175.625604,456,262
NZPN,18,36,-41.34319438,173.95913108,-41.3492561,173.95437585,381,0
NZPP,12,30,-40.89877171,174.98515635,-40.90434735,174.99289267,79,105
NZPP,16,34,-40.89901154,174.98791365,-40.91162818,174.98787285,856,328
NZPP,16L,34R,-40.90217892,174.98880188,-40.90701282,174.98883144,0,0
NZQN,05,23,-45.020123,168.734924,-45.016441,168.758362,196.0,171.0
NZQN,14,32,-45.017185,168.740906,-45.024769,168.744568,33.0,66.0
NZRC,04,22,-46.90102585,168.09750731,-46.89850494,168.10476391,0,0
NZRK,16,34,-38.87926361,176.36468259,-38.89294916,176.36427749,0,0
NZRO,18,36,-38.10044935,176.32033813,-38.11549084,176.31143422,0,0
NZRO,18L,36R,-38.10169983,176.32099915,-38.10829926,176.31599426,0.0,1010.0
NZRT,04,22,-43.29117899,172.54039222,-43.28854642,172.54567287,0,0
NZRT,07,25,-43.2887319,172.53401393,-43.28898443,172.54849842,0,0
NZRT,10,28,-43.28748845,172.53572487,-43.29093544,172.54289009,0,0
NZRU,13,31,-39.43864932,175.6518519,-39.44754437,175.66015485,0.0,0.0
NZSL,16,34,-36.31897863,174.55591803,-36.32678713,174.55584139,597,535
NZTE,05,23,-37.74578668,175.15645644,-37.74340802,175.16425287,0,0
NZTG,07,25,-37.67272513,176.18843056,-37.67379605,176.20906411,0,0
NZTG,16,34,-37.671101,176.195007,-37.677399,176.194,0.0,0.0
NZTL,11,29,-44.00225373,170.44005049,-44.00742952,170.44704528,0,0
NZTO,13,31,-38.23545767,175.89179245,-38.24171076,175.89734105,0,0
NZTT,16,34,-38.30255893,175.14781291,-38.30713905,175.14816475,0,0
NZTU,02,20,-44.30310059,171.22099304,-44.29449844,171.23100281,0.0,0.0
NZTU,02L,20R,-44.30139923,171.22099304,-44.29339981,171.23100281,0.0,0.0
NZTU,11,29,-44.30033963,171.22546108,-44.30606043,171.23429002,0.0,365.0
NZUK,15,33,-44.23360062,170.11799622,-44.24309921,170.11999512,0.0,131.0
NZUN,05,23,-37.02230443,175.85939264,-37.01966696,175.8677829,0,0
NZWB,06,24,-41.51831417,173.86088013,-41.51741006,173.87793422,0,0
NZWB,06L,24R,-41.5163002,173.86099243,-41.51580048,173.87800598,0.0,0.0
NZWB,10,28,-41.5135994,173.86399841,-41.5196991,173.875,0.0,98.0
NZWF,11,29,-44.7181015,169.24200439,-44.7262001,169.25100708,0.0,0.0
NZWF,11L,29R,-44.71966883,169.24534354,-44.72586293,169.25306942,0,0
NZWK,09,27,-37.91989599,176.90992572,-37.92427971,176.92342119,0,0
NZWL,04,22,-43.47893535,172.3878934,-43.47679557,172.39482281,0,0
NZWL,04C,22C,-43.47883171,172.38771822,-43.47545305,172.39862521,0,0
NZWL,11,29,-43.47482677,172.3923913,-43.47971317,172.39966404,0,0
NZWL,17,35,-43.47523551,172.38997653,-43.48135433,172.38813953,0,0
NZWN,16,34,-41.31862459,174.80745444,-41.3349389,174.8063636,210.0,210.0
NZWO,16,34,-39.00740051,177.40400696,-39.01539993,177.40499878,0.0,0.0
NZWP,03,21,-36.7961998,174.6210022,-36.78509903,174.63900757,0.0,0.0
NZWP,08,26,-36.78379822,174.62399292,-36.78580093,174.64100647,0.0,0.0
NZWP,08L,26R,-36.78319931,174.62600708,-36.78450012,174.63499451,0.0,0.0
NZWR,06,24,-35.76985043,174.35783357,-35.7683685,174.36979721,0.0,0.0
NZWR,14,32,-35.76992509,174.35927712,-35.77381469,174.36125902,0,0
NZWS,04,22,-41.74024453,171.57262913,-41.73390035,171.58545464,0.0,0.0
NZWT,04,22,-36.83236764,175.67627657,-36.82638846,175.68712719,0,0
NZWT,16,34,-36.82619663,175.68012641,-36.83193495,175.68012641,0,0
NZWU,11,29,-39.95975869,175.01803663,-39.9671653,175.0308909,0,0
NZYP,02,20,-39.99978241,176.53269616,-39.99318601,176.54141519,0,0
YAAL,09,27,-16.44346464,130.87302409,-16.44265654,130.88422971,,
YABA,05,23,-34.947087,117.80581075,-34.94007853,117.81428313,,
YABA,14,32,-34.94009374,117.80347455,-34.95149644,117.81745235,,
YABF,03,21,-21.67723506,145.26262202,-21.66783203,145.26962825,,
YABF,05,23,-21.67264747,145.26329424,-21.6689436,145.268188,,
YABG,17,35,-27.33523415,147.26479935,-27.34493938,147.26500919,,
YABI,16,34,-17.60410431,143.18253517,-17.61339363,143.18446669,,
YABL,13,31,-23.34802153,134.72880581,-23.35569814,134.7361026,,
YABS,01,19,-27.28420936,120.38221481,-27.26996624,120.3841569,,
YABS,08,26,-27.28290636,120.38227555,-27.28190742,120.39566056,,
YABU,13,31,-23.33722614,133.16955969,-23.34189682,133.17430997,,
YACD,03,21,-24.27314043,145.48571965,-24.26576774,145.4914247,,
YACD,09,27,-24.26871047,145.48299199,-24.26945869,145.48908246,,
YACD,12,30,-24.26790372,145.4833666,-24.2698089,145.48600692,,
YACI,17,35,-25.206048,148.66854637,-25.21944792,148.66857739,,
YACS,14,32,-31.42100005,141.90211219,-31.432542,141.90726,,
YADA,10,28,-25.89274553,144.56296767,-25.89605488,144.57398767,,
YADD,01,19,-31.81900346,125.9174027,-31.8096301,125.91936358,,
YADD,07,25,-31.81588443,125.9131461,-31.81264386,125.92300852,,
YADD,16,34,-31.8095309,125.91669582,-31.81792261,125.92274031,,
YADE,8,26,-21.94505241,148.27823006,-21.941669,148.289635,,
YADG,03,21,-35.29236599,138.49110029,-35.28567788,138.49679963,,
YADG,08,26,-35.28584431,138.49119224,-35.2855161,138.49673932,,
YADG,14,32,-35.28565099,138.49121842,-35.29176685,138.49735981,,
YADG,18,36,-35.28563678,138.49706158,-35.291683,138.49745291,,
YADM,05,23,-21.278698,146.98430995,-21.27177692,146.99425264,,
YADO,13,31,-25.40384296,135.28754102,-25.41137742,135.29485351,,
YADS,17,35,-26.47891866,139.25630092,-26.48903061,139.25863435,,
YADU,15,33,-31.64996375,150.03903838,-31.65629215,150.0426952,,
YADY,09,27,-35.99718661,148.7930234,-35.99849458,148.80285293,,
YAGD,02,20,-18.51552766,139.87871558,-18.50066795,139.88639911,,
YAHD,10,28,-23.37872648,117.02084753,-23.38297887,117.03112716,,
YAHD,18,36,-23.37619529,117.02532558,-23.38170029,117.02562939,,
YAKG,13,31,-27.94337431,134.74170166,-27.95177134,134.75019469,,
YAKG,17,35,-27.94272936,134.74453097,-27.94735983,134.74519779,,
YALA,18,36,-27.32700376,133.62780838,-27.34225842,133.6274987,,
YALC,13,31,-22.79833023,134.39884442,-22.80538999,134.40803288,,
YALG,05,23,-18.69722591,138.52312607,-18.69206284,138.53254485,,
YALH,03,21,-24.71552202,144.28834859,-24.70975786,144.29288635,,
YALM,16,34,-24.2611582,134.4014199,-24.26796738,134.4039161,,
YALN,13,31,-30.37363392,142.61101128,-30.37822302,142.61647169,,
YALP,15,33,-20.97983287,137.83088413,-20.98996487,137.83507147,,
YALX,14,32,-19.05787519,136.71068527,-19.06599662,136.71609851,,
YALY,09,27,-22.49293203,139.6508518,-22.49376567,139.66098162,,
YAMB,04,22,-27.64459976,152.7078867,-27.63657696,152.7204243,,
YAMB,15,33,-27.62170374,152.7052939,-27.64732426,152.71647755,,
YAMC,11,29,-22.95508043,145.24405522,-22.96030278,145.25432925,,
YAMJ,14,32,-21.65007933,135.22693132,-21.65896837,135.2343099,,
YAMK,05,23,-30.43914442,137.13439518,-30.43522969,137.14034047,,
YAML,07,25,-17.9560392,139.75605013,-17.95256247,139.76701104,,
YAMM,01,19,-21.74373397,135.24329476,-21.73429554,135.24361054,,
YAMM,12,30,-21.73491801,135.24322797,-21.74063445,135.25152048,,
YAMN,17,35,-32.53355835,137.69305295,-32.54202373,137.69351069,,
YAMT,14,32,-26.09231928,131.19889729,-26.10255039,131.20670383,,
YAND,06,24,-21.67444659,140.98141276,-21.66900988,140.99206311,,
YANG,04,22,-23.14212665,118.70073262,-23.13010951,118.71396142,,
YANJ,10,28,-26.17715555,130.21154046,-26.17968803,130.22641033,,
YANK,06,24,-28.90042081,136.16956827,-28.89869872,136.17379048,,
YANK,17,35,-28.89433021,136.17054698,-28.90103137,136.17148544,,
YANL,11,29,-18.01814461,135.53519623,-18.02337415,135.54593254,,
YANN,01,19,-21.83666667,133.12426758,-21.82484362,133.12658907,,
YANN,16,34,-21.82888013,133.12200798,-21.83593002,133.12442005,,
YANW,15,33,-21.19241658,136.44815424,-21.2030473,136.45274021,,
YAOR,15,33,-21.64572385,139.19186595,-21.65452656,139.19641785,,
YAPA,10,28,-19.26674826,121.5029157,-19.26963239,121.52006791,,
YAPH,18,36,-23.64655218,146.58361871,-23.65955873,146.58163827,,
YAPO,09,27,-38.77222865,143.65313369,-38.77350857,143.66068062,,
YARA,04,22,-37.31097545,142.98692621,-37.30758716,142.99296961,,
YARA,12,30,-37.30816494,142.98538009,-37.31472719,142.99667398,,
YARD,14,32,-21.67234663,136.67467143,-21.68008673,136.68149599,,
YARG,01,19,-16.64477283,128.44660076,-16.62541727,128.45448372,,
YARK,03,21,-30.40928028,139.34387576,-30.40341772,139.34937208,,
YARM,05,23,-30.53295097,151.60910983,-30.52473814,151.62453918,,
YARM,09,27,-30.5240667,151.61038505,-30.52528325,151.62189244,,
YARN,12,30,-24.08891972,132.26653446,-24.09401031,132.27582602,,
YARP,12,30,-22.28358017,135.72383005,-22.28675716,135.72808821,,
YARS,15,33,-34.44332287,137.88577121,-34.45120791,137.89108663,,
YARY,09,27,-26.69618982,141.04279203,-26.69691232,141.05496779,,
YARY,16,34,-26.68612631,141.04562116,-26.69602586,141.04875327,,
YASF,08,26,-29.31747589,151.05065653,-29.31672582,151.06158693,,
YATL,14,32,-23.27533229,136.34235272,-23.28302355,136.3486507,,
YATN,15,33,-17.25080329,145.50860523,-17.2619966,145.51437263,,
YATY,08,26,-28.2265285,119.01548423,-28.22498177,119.02417474,,
YATY,18,36,-28.22006495,119.01768607,-28.22868943,119.01773561,,
YAUA,14,32,-25.7487007,146.58230021,-25.75935816,146.58939605,,
YAUA,2,20,-25.75619693,146.58726975,-25.74846394,146.59192261,,
YAUA,8,26,-25.74931386,146.58252781,-25.74884872,146.5918283,,
YAUG,15,33,-34.32398578,115.15468077,-34.33332537,115.15940237,,
YAUR,16,34,-13.34836959,141.71796961,-13.35910532,141.72183152,,
YAUS,16,34,-20.48777649,137.76453249,-20.49875279,137.76816875,,
YAUV,17,35,-15.68478788,130.007949,-15.69685909,130.00973126,,
YAVD,15,33,-20.03251386,137.51805668,-20.04128775,137.52296193,,
YAVM,15,33,-36.56351322,144.58684012,-36.5685942,144.59038953,,
YAWT,14,32,-24.19799712,151.8894401,-24.2067224,151.89585131,,
YAYE,13,31,-25.17808064,130.96671016,-25.1930044,130.98658843,,
YAYR,02,20,-19.59736735,147.32388367,-19.58507845,147.32902642,,
YBAB,04,22,-24.19743961,149.83893619,-24.18979398,149.84730343,,
YBAD,11,29,-30.95252762,149.08556395,-30.95820704,149.09889361,,
YBAF,04L,22R,-27.57092655,153.00189124,-27.56395347,153.01176206,,
YBAF,04R,22L,-27.57164218,153.0043735,-27.56546908,153.0130929,,
YBAF,10L,28R,-27.57019614,152.99672001,-27.57490454,153.01324793,,
YBAF,10R,28L,-27.57214914,152.99808146,-27.57517546,153.00869695,,
YBAL,13,31,-32.342027,123.609278,-32.35248574,123.62173468,,
YBAN,04,22,-16.74441949,125.90217804,-16.73663876,125.91130385,,
YBAR,01,19,-23.57278564,145.29989454,-23.55803136,145.30457106,,
YBAS,12,30,-23.80102342,133.89336084,-23.81210955,133.91401639,,
YBAS,17,35,-23.79725599,133.88653649,-23.80747926,133.88688561,,
YBAU,12,30,-10.14649306,142.17069417,-10.15196236,142.17677904,,
YBAW,15,33,-20.48984568,138.47154575,-20.50116381,138.47772893,,
YBBA,16,34,-30.38854384,150.59579156,-30.3980806,150.59939674,,
YBBC,03,21,-20.95073316,120.15993369,-20.9398355,120.16911935,,
YBBE,06,24,-27.33186923,117.66577013,-27.32441283,117.67829819,,
YBBL,02,20,-27.42224945,115.83229798,-27.41316846,115.83630505,,
YBBL,13,31,-27.41426333,115.83566831,-27.41728663,115.83919883,,
YBBN,01L,19R,-27.38309566,153.10674097,-27.35655116,153.122005,,
YBBN,01R,19L,-27.40332201,153.11794375,-27.37465356,153.13432429,,
YBBO,02,20,-30.41086105,135.47759908,-30.40029199,135.48378075,,
YBBO,15,33,-30.3995147,135.4798172,-30.40458911,135.48295552,,
YBBT,10,28,-36.13654799,143.71696163,-36.14013451,143.72769619,,
YBCB,14,32,-30.81757088,117.86385798,-30.82513051,117.87061998,,
YBCG,14,32,-28.15650724,153.50071159,-28.17609825,153.51316861,,
YBCG,17,35,-28.16436887,153.5067278,-28.16959163,153.50630612,,
YBCK,06,24,-24.43501977,145.42100091,-24.42910682,145.43635314,,
YBCK,12,30,-24.42064862,145.41991054,-24.42942274,145.43254661,,
YBCM,05,23,-27.39384845,152.46501707,-27.39082675,152.46972372,,
YBCM,12,30,-27.38773117,152.46241861,-27.39298835,152.470397,,
YBCR,14,32,-13.0517205,131.02443668,-13.06211345,131.03372072,,
YBCS,15,33,-16.86582746,145.74357442,-16.8922961,145.75554105,,
YBCV,12,30,-26.40793371,146.25760269,-26.41798954,146.26801441,,
YBCV,18,36,-26.41274537,146.26212365,-26.42235036,146.261751,,
YBDF,01,19,-17.29559311,127.4635126,-17.28038124,127.46506067,,
YBDF,09,27,-17.28726661,127.4647342,-17.28807184,127.47437345,,
YBDG,05,23,-36.74133686,144.32391368,-36.73797294,144.33143379,,
YBDG,17,35,-36.72845297,144.33047829,-36.74284411,144.32987945,,
YBDP,10,28,-41.02202037,147.41083387,-41.02564312,147.42294978,,
YBDP,10L,28R,-41.02194235,147.41282025,-41.02532234,147.4242405,,
YBDS,02,20,-30.29575612,134.52392357,-30.28286761,134.53234084,,
YBDU,06,24,-18.38717127,129.4318484,-18.38039297,129.44656747,,
YBDV,03,21,-25.90389748,139.34336302,-25.89553162,139.35104505,,
YBDV,14,32,-25.88522244,139.34059848,-25.89859314,139.34955004,,
YBDX,9,27,-22.86299727,114.95767006,-22.86486303,114.97080434,,
YBEB,10,28,-17.54325057,128.2987072,-17.54587349,128.31077628,,
YBEC,18,36,-30.47065121,117.87980427,-30.48147034,117.87994669,,
YBEE,01,19,-30.19658533,139.55311446,-30.1837907,139.5578499,,
YBEF,01,19,-37.45365411,143.24864473,-37.44726925,143.24963794,,
YBEG,07,25,-19.65517159,146.28605966,-19.6508857,146.30167813,,
YBEL,10,28,-42.36907061,147.02512419,-42.36977046,147.03261394,,
YBEO,06,24,-25.69749587,140.7331456,-25.69223419,140.74298754,,
YBEV,16,34,-32.12020427,116.94678387,-32.131802,116.95370754,,
YBEW,06,24,-31.91729138,144.64134399,-31.91448135,144.64755965,,
YBEW,15,33,-31.91289851,144.64339418,-31.91834636,144.64682818,,
YBFT,12,30,-37.49233702,143.42572347,-37.49572071,143.43369048,,
YBGB,08,26,-17.01726601,122.641245,-17.01572397,122.65148468,,
YBGD,08,26,-22.54123905,117.25887826,-22.53938619,117.28021995,,
YBGI,15,33,-31.1391812,125.66450294,-31.14662536,125.66949019,,
YBGI,18,36,-31.13983242,125.66740751,-31.14868478,125.66658804,,
YBGO,15,33,-20.14710464,127.97258309,-20.1592548,127.98102668,,
YBGR,09,27,-36.61957352,143.94696574,-36.61955399,143.95964035,,
YBGR,18,36,-36.61944962,143.94914068,-36.62480768,143.94961628,,
YBGT,03,21,-25.36973458,143.77986993,-25.36201617,143.78514348,,
YBHB,12,30,-43.41995537,146.16009449,-43.4227385,146.1642354,,
YBHI,05,23,-32.008991,141.46094061,-31.99628812,141.48294079,,
YBHI,14,32,-32.00380101,141.46653832,-32.01100429,141.47290007,,
YBHK,12,30,-21.25599,139.71496094,-21.26125,139.72334437,,
YBHM,14,32,-20.35106205,148.94649186,-20.36384333,148.95673066,,
YBIA,11,29,-29.81293246,150.52746917,-29.81716866,150.54078233,,
YBID,12,30,-34.30098188,149.35422688,-34.3044705,149.36186449,,
YBID,15,33,-34.30054906,149.35660939,-34.3087991,149.36092715,,
YBIE,14,32,-24.33817041,139.45435359,-24.35170843,139.46434013,,
YBII,01,19,-16.72690863,135.73616507,-16.71726769,135.73822596,,
YBIL,02,20,-19.56999413,127.67266712,-19.55934688,127.67752602,,
YBIL,10,28,-19.56208734,127.66338824,-19.56729087,127.68011906,,
YBIN,04,22,-25.52487547,152.04197273,-25.51893661,152.04941646,,
YBIR,04,22,-36.00040661,142.9138964,-35.99457537,142.92299009,,
YBIR,9,27,-36.00050831,142.91450008,-36.00123574,142.92161776,,
YBIU,05,23,-30.59520512,116.77525492,-30.5909183,116.78208172,,
YBIU,11,29,-30.5911579,116.77527264,-30.59431389,116.78352282,,
YBIU,18,36,-30.59145301,116.77504172,-30.59548294,116.77496981,,
YBIZ,18,36,-14.73470594,144.11935879,-14.7462305,144.11920487,,
YBJW,09,27,-27.673834,121.61296781,-27.67395054,121.62404139,,
YBJW,18,36,-27.66921446,121.61551411,-27.68097648,121.61559292,,
YBKE,05,23,-30.04489726,145.93685945,-30.03730477,145.95370061,,
YBKE,18,36,-30.03239043,145.95706336,-30.04131108,145.9556921,,
YBKS,12,30,-19.70037409,135.81063975,-19.70732274,135.82067136,,
YBKT,03,21,-17.75512199,139.53097641,-17.74589434,139.5395877,,
YBLA,08,26,-36.55193588,146.00670759,-36.55264803,146.01833515,,
YBLA,17,35,-36.54973293,146.0046026,-36.55616625,146.00529869,,
YBLB,17,35,-26.81650225,114.6110056,-26.82666002,114.61150057,,
YBLC,05,23,-30.53777375,139.33277949,-30.53111675,139.34263286,,
YBLD,10,28,-31.82259692,116.79437229,-31.82373706,116.80562544,,
YBLD,15,33,-31.81853268,116.7955707,-31.82668776,116.80059896,,
YBLG,16,34,-28.97681145,140.85609931,-28.98748391,140.8593524,,
YBLH,03,21,-27.01214294,142.95743204,-27.00516401,142.96362811,,
YBLH,14,32,-27.01039772,142.95756218,-27.01860396,142.96467632,,
YBLI,10,28,-30.32888424,152.45716435,-30.32947209,152.45990204,,
YBLI,15,33,-30.32763603,152.45662626,-30.33379471,152.46002353,,
YBLL,05,23,-28.05640133,147.47344752,-28.0508669,147.48237391,,
YBLM,04,22,-31.12278445,138.7216563,-31.11506126,138.72971982,,
YBLM,14,32,-31.1160189,138.72366361,-31.1206049,138.72801079,,
YBLN,03,21,-33.69733443,115.39637776,-33.67732426,115.40781224,,
YBLT,05,23,-37.51259005,143.78641869,-37.5071847,143.79909743,,
YBLT,13,31,-37.50540766,143.78740126,-37.50902215,143.79195766,,
YBLT,18,36,-37.506902,143.794941,-37.51795939,143.79281011,,
YBLU,01,19,-27.62165436,120.59316923,-27.60365042,120.59567478,,
YBMA,16,34,-20.65505584,139.48586614,-20.67763909,139.49109249,,
YBMD,12,30,-15.87097215,145.32601195,-15.87667551,145.3335986,,
YBMI,01,19,-28.73374285,149.59432004,-28.7229594,149.59608113,,
YBMK,14,32,-21.16318038,149.17747461,-21.17830288,149.18767203,,
YBMM,08,26,-36.25422093,144.62986072,-36.25338709,144.63555627,,
YBMR,05,23,-34.23431624,140.47149428,-34.22931256,140.47796168,,
YBMR,08,26,-34.23568898,140.47210176,-34.23442241,140.47797484,,
YBMR,11,29,-34.23472682,140.47161722,-34.23628846,140.47601896,,
YBMY,11,29,-14.51806339,132.87800142,-14.52108556,132.88592675,,
YBNA,06,24,-28.83573399,153.55175826,-28.83085164,153.57046404,,
YBNM,09,27,-17.91821654,136.89112116,-17.91913384,136.90415585,,
YBNS,04,22,-37.89032399,147.56435305,-37.88463466,147.57458733,,
YBNS,13,31,-37.88338771,147.56574034,-37.88963626,147.57137498,,
YBNY,9,27,-18.8688183,134.48872672,-18.8701485,134.50086173,,
YBOA,04,22,-28.02071172,152.67172543,-28.01446126,152.68112465,,
YBOC,17,35,-32.88411582,138.366416,-32.89506499,138.36640006,,
YBOI,09,27,-9.23215496,142.21488296,-9.23334846,142.22133746,,
YBOK,05,23,-27.40617079,151.73075529,-27.401429,151.738306,,
YBOK,09,27,-27.40918309,151.72457972,-27.410736111,151.735591667,,
YBOK,14,32,-27.40276967,151.73698077,-27.41495627,151.74648621,,
YBOM,09,27,-36.90457438,149.18045137,-36.90628539,149.18883984,,
YBOM,15,33,-36.9004222,149.18051816,-36.90618852,149.18211598,,
YBOP,17,35,-33.89244216,116.44970879,-33.90142648,116.44991662,,
YBOR,13,31,-36.26313413,140.7166523,-36.26837806,140.72207302,,
YBOR,17,35,-36.26518594,140.72201524,-36.27762812,140.72214992,,
YBOT,06,24,-27.27195993,146.89495466,-27.26726815,146.90727013,,
YBOU,14,32,-22.90574569,139.89630973,-22.91968812,139.90528193,,
YBOV,06,24,-31.63885889,129.00564175,-31.63444622,129.01880603,,
YBOV,18,36,-31.63647828,129.01149539,-31.64800087,129.01032792,,
YBOY,1,19,-27.75531619,119.90050976,-27.746012,119.903764,,
YBPI,14,32,-20.80205758,149.27784923,-20.80711975,149.28200794,,
YBPN,11,29,-20.49045027,148.54441877,-20.49823496,148.56249752,,
YBRA,14,32,-36.96197263,147.69525888,-36.9717242,147.70302521,,
YBRC,12,30,-21.53827198,133.86623247,-21.54533575,133.87643576,,
YBRJ,05,23,-30.15890803,148.96571892,-30.1551393,148.97162224,,
YBRJ,15,33,-30.1537938,148.97144959,-30.1641439,148.97800867,,
YBRK,04,22,-23.38241666,150.46541877,-23.37584674,150.47470976,,
YBRK,15,33,-23.36871575,150.47033676,-23.39067292,150.48011715,,
YBRL,02,20,-16.08111627,136.30036582,-16.07029504,136.30501902,,
YBRM,10,28,-17.94564816,122.21568345,-17.95158953,122.23802719,,
YBRN,08,26,-34.62184908,143.57582288,-34.62169846,143.58290701,,
YBRN,18,36,-34.61950035,143.57775865,-34.63012601,143.57653123,,
YBRO,07,25,-31.8900929,118.10566134,-31.88687633,118.11733019,,
YBRS,09,27,-38.25775952,144.42509191,-38.25847677,144.43091826,,
YBRS,18,36,-38.25243015,144.42859718,-38.25945744,144.42730027,,
YBRU,09,27,-18.63718224,135.93104837,-18.63766254,135.9452091,,
YBRU,14,32,-18.63031159,135.93857378,-18.63797812,135.94405993,,
YBRW,03,21,-29.980891,146.81017395,-29.97071648,146.81854586,,
YBRY,10,28,-22.67234767,119.1575678,-22.67676276,119.17524016,,
YBSG,12,30,-12.61584126,142.07626054,-12.63037602,142.10037067,,
YBSP,12,30,-23.51281277,133.8422146,-23.52063307,133.85701052,,
YBSP,2,20,-23.52348081,133.85290848,-23.51740202,133.85656067,,
YBSS,01,19,-37.7395803,144.41883553,-37.72887,144.423587,,
YBSS,09,27,-37.72959002,144.41668435,-37.73301085,144.43345478,,
YBSU,13,31,-26.5832147,153.07447046,-26.60323569,153.09168163,,
YBTH,08,26,-33.40667809,149.64927517,-33.40685036,149.66345559,,
YBTH,17,35,-33.40076823,149.65069651,-33.41607889,149.65191034,,
YBTI,15,33,-11.75896367,130.61238366,-11.77046577,130.61914231,,
YBTK,17,35,-17.0834735,139.56509519,-17.09195408,139.56659104,,
YBTL,01,19,-19.25828695,146.76472049,-19.238185,146.77420589,,
YBTL,07,25,-19.255809,146.75549721,-19.25304696,146.76560187,,
YBTN,10,28,-30.52294059,132.66824672,-30.52576513,132.68074539,,
YBTV,7,25,-12.65955765,142.67137951,-12.65786063,142.67955688,,
YBUD,07,25,-24.9063777,152.31371639,-24.90266794,152.32421234,,
YBUD,14,32,-24.89727271,152.31724918,-24.91253305,152.32781816,,
YBUG,08,26,-28.48982054,119.74342755,-28.48895455,119.75143271,,
YBUG,17,35,-28.48363098,119.74582766,-28.49600438,119.74817778,,
YBUL,06,24,-30.18641537,134.89774019,-30.18227962,134.90620305,,
YBUL,11,29,-30.1836577,134.90075609,-30.18751847,134.90876419,,
YBUL,16,34,-30.18079988,134.9056362,-30.19130564,134.90939613,,
YBUN,07,25,-33.38054454,115.67243752,-33.37562973,115.68413353,,
YBUT,11,29,-31.76284366,149.41971632,-31.76609957,149.42873366,,
YBUY,10,28,-36.1327658,149.13116912,-36.13643273,149.14389877,,
YBUY,12,30,-36.13268507,149.13819928,-36.1362834,149.14358492,,
YBUY,16L,34R,-36.12746122,149.14076053,-36.13640876,149.14423439,,
YBVA,13,31,-34.08835569,138.33651741,-34.09561784,138.3457228,,
YBVA,16,34,-34.08436284,138.33835537,-34.09509455,138.34074773,,
YBVL,01,19,-31.59065331,150.17411216,-31.58221297,150.17502434,,
YBVL,11,29,-31.58305554,150.17486478,-31.58502893,150.17911332,,
YBVY,04,22,-15.47285491,129.76013255,-15.46261509,129.77021496,,
YBWG,09,27,-27.36633569,121.02437667,-27.36579265,121.0449793,,
YBWI,01,19,-20.59977556,147.09495083,-20.59098544,147.09606557,,
YBWM,14,32,-16.88079964,143.47975914,-16.88666164,143.48467406,,
YBWN,04,22,-20.02327848,148.20901257,-20.01533627,148.21841221,,
YBWN,12,30,-20.01449411,148.21012544,-20.01922815,148.2172387,,
YBWO,12,30,-22.46047381,144.99184464,-22.46635636,145.00156851,,
YBWP,12,30,-12.67323437,141.91616998,-12.68160769,141.9286885,,
YBWR,04,22,-17.39027321,144.16579395,-17.38449184,144.17269713,,
YBWW,12,30,-27.54874549,151.78448748,-27.56627994,151.8058568,,
YBWX,03,21,-20.86896297,115.402641,-20.85360935,115.41079729,,
YBXH,1,19,-37.85147205,141.72358426,-37.84610323,141.72398128,,
YBYD,09,27,-22.16455948,119.9200336,-22.16395735,119.9291262,,
YBYD,13,31,-22.16282836,119.91950074,-22.17002775,119.92849426,,
YBYI,14,32,-43.23231117,147.3779094,-43.23744182,147.38172508,,
YBYL,16,34,-29.21192819,152.61353299,-29.22454542,152.61865518,,
YBYR,12,30,-30.65479683,146.38985984,-30.6613101,146.39911709,,
YBYS,16,34,-16.72755187,125.43735889,-16.7379411,125.4408608,,
YBYW,09,27,-25.4203579,145.61005267,-25.42292214,145.62627017,,
YCAB,06,24,-27.0776463,152.97987941,-27.07586384,152.98790846,,
YCAB,12,30,-27.07163859,152.98042007,-27.07785839,152.99043325,,
YCAC,13,31,-17.60359006,131.54553018,-17.61188959,131.55435393,,
YCAE,18,36,-41.9617729,147.5316311,-41.97541522,147.52950372,,
YCAG,04,22,-32.28463288,125.47323875,-32.27665176,125.48206653,,
YCAH,08,26,-31.77377715,149.60949944,-31.77388799,149.62081747,,
YCAI,08,26,-30.12128603,120.56388606,-30.1194271,120.57806873,,
YCAJ,10,28,-18.69215772,125.88474544,-18.69590927,125.90133133,,
YCAL,01,19,-37.13893515,144.1573246,-37.13384096,144.15827504,,
YCAL,10,28,-37.1341004,144.15818087,-37.13523163,144.16815108,,
YCAM,01,19,-21.89418341,140.91324812,-21.88348423,140.91497644,,
YCAN,01,19,-12.3578391,132.94429673,-12.3501962,132.9460858,,
YCAR,04,22,-24.88626961,113.66434612,-24.87567098,113.67539205,,
YCAR,18,36,-24.87872729,113.66630614,-24.88904301,113.66650404,,
YCAS,10,28,-28.87998147,153.05543435,-28.88262959,153.06627338,,
YCAS,10L,28R,-28.87954867,153.05557314,-28.88157196,153.06364402,,
YCBA,05,23,-31.54199214,145.78646025,-31.53321607,145.80106734,,
YCBA,17,35,-31.53808417,145.79481395,-31.54616299,145.79560996,,
YCBE,16,34,-19.47427889,140.92598959,-19.48389525,140.92860476,,
YCBG,09,27,-42.8279353,147.47484776,-42.8295965,147.4833379,,
YCBG,12,30,-42.82242275,147.47358137,-42.82943737,147.48260056,,
YCBN,03,21,-40.39197978,148.0164348,-40.38759732,148.01994836,,
YCBN,08,26,-40.39002275,148.00871571,-40.3901046,148.02102948,,
YCBN,13,31,-40.38861696,148.01349155,-40.39144726,148.017173,,
YCBP,04,22,-29.04432297,134.71436616,-29.03587976,134.72542487,,
YCBP,14,32,-29.03640827,134.72097489,-29.04288224,134.72521571,,
YCBR,18,36,-29.51771608,148.57878616,-29.52862745,148.57772878,,
YCBY,3,21,-16.22370179,145.42205733,-16.21164312,145.42926708,,
YCCA,03,21,-26.7720909,150.61852048,-26.76792455,150.62221513,,
YCCA,14,32,-26.76811962,150.61429013,-26.77574953,150.62086431,,
YCCF,16,34,-16.68327314,135.72875999,-16.69264112,135.73146299,,
YCCK,16,34,-20.63211901,135.58610349,-20.64238829,135.58980286,,
YCCT,09,27,-10.04950012,143.0677495,-10.05073807,143.07445388,,
YCCY,06,24,-20.6703082,140.49854726,-20.66638702,140.50886723,,
YCCY,12,30,-20.66020998,140.49953667,-20.67128919,140.5146835,,
YCDB,03,21,-31.05730044,135.86260217,-31.05100378,135.86709777,,
YCDB,09,27,-31.05204069,135.86013202,-31.05210176,135.86739681,,
YCDB,15,33,-31.05067345,135.86192186,-31.05686243,135.86540025,,
YCDE,18,36,-38.31944806,143.05738285,-38.32744052,143.0558821,,
YCDH,14,32,-27.90301419,134.05347152,-27.91197247,134.0595258,,
YCDO,01,19,-33.07019326,147.21071173,-33.05895774,147.2168135,,
YCDO,10,28,-33.06300663,147.19979213,-33.06575482,147.21220355,,
YCDR,05,23,-26.80471368,153.10267111,-26.80074996,153.1093441,,
YCDR,12,30,-26.79999325,153.10028446,-26.80446061,153.10654533,,
YCDS,10,28,-25.25141978,152.33104084,-25.25428155,152.33993902,,
YCDT,07,25,-21.97421916,138.59858202,-21.96926964,138.61384817,,
YCDT,15,33,-21.96344952,138.6065167,-21.97346942,138.6107422,,
YCDU,11,29,-32.12784689,133.69808371,-32.13341384,133.7152988,,
YCDU,17,35,-32.12661094,133.71268874,-32.13572076,133.71393391,,
YCDV,10,28,-25.10992121,146.82667755,-25.1141311,146.83974061,,
YCEE,08,26,-33.71023147,136.49920485,-33.71038989,136.51375285,,
YCEE,18,36,-33.70764866,136.50423995,-33.71566576,136.50399599,,
YCEL,18,36,-23.09058946,148.0071275,-23.09939166,148.00542643,,
YCEM,17,35,-37.72445046,145.40799331,-37.73194035,145.40864042,,
YCES,18,36,-38.14254353,144.26316044,-38.14977971,144.26185381,,
YCFD,04,22,-17.02474948,131.32486901,-17.01513929,131.33458914,,
YCFH,04,22,-27.01953492,138.88957881,-27.01100077,138.89704692,,
YCFH,10,28,-27.01363437,138.88769116,-27.01586842,138.89566871,,
YCFL,13,31,-14.9672652,145.3078204,-14.97440844,145.31523531,,
YCFN,06,24,-27.9285978,151.84394296,-27.92655901,151.8518443,,
YCFS,03,21,-30.33837337,153.10654794,-30.32415659,153.12063573,,
YCFS,10,28,-30.31644234,153.11412012,-30.31869303,153.12258462,,
YCGI,11,29,-25.79413497,122.93125562,-25.7994022,122.94863929,,
YCGL,12,30,-24.68235539,147.15285221,-24.6882561,147.16121239,,
YCGO,17,35,-17.13345235,144.52836853,-17.14229936,144.52878732,,
YCHB,11,29,-28.4287907,152.08477239,-28.43147964,152.09312345,,
YCHI,14,32,-13.28514432,136.35293218,-13.29057171,136.35695126,,
YCHL,03,21,-36.29425636,143.32736078,-36.28614324,143.3351138,,
YCHT,01,19,-20.04694874,146.26861478,-20.03818076,146.2710999,,
YCHT,06,24,-20.04754628,146.26637808,-20.04009395,146.28097635,,
YCIG,04,22,-32.34101851,117.82382609,-32.33563846,117.83002484,,
YCIG,08,26,-32.33797878,117.82126784,-32.33770024,117.8344737,,
YCIN,11,29,-17.57564225,123.81510479,-17.58522877,123.84204539,,
YCJU,08,26,-18.68566105,144.74380788,-18.68478173,144.75169783,,
YCKD,06,24,-40.52110605,148.11954486,-40.5184984,148.1262598,,
YCKD,10,28,-40.51812473,148.12293073,-40.5188486,148.12673293,,
YCKD,11,29,-40.51594398,148.12189764,-40.51973784,148.12812691,,
YCKI,13,31,-11.15776176,132.47783244,-11.16703381,132.48699733,,
YCKN,11,29,-15.44072892,145.17555853,-15.4461047,145.18968079,,
YCKY,5,23,-32.04638717,126.08439639,-32.03936754,126.0974004,,
YCLE,10,28,-37.23778888,140.44100951,-37.23903207,140.44846995,,
YCLM,6,24,-29.45147502,148.72401994,-29.44841904,148.73336284,,
YCLQ,13,31,-16.396923,122.92796513,-16.40489503,122.93592039,,
YCLY,01,19,-34.80755643,145.84565447,-34.79576676,145.84784126,,
YCMH,12,30,-31.66302459,152.73881931,-31.66871356,152.74697112,,
YCMK,07,25,-18.8585973,145.47106825,-18.85710931,145.48092144,,
YCMM,09,27,-34.25231504,135.70021306,-34.25371661,135.71705272,,
YCMT,01,19,-22.77465597,147.62100717,-22.76610512,147.62579349,,
YCMT,15,33,-22.76685485,147.6165152,-22.77787268,147.62115241,,
YCMU,06,24,-28.03318303,145.61444756,-28.03009282,145.62314758,,
YCMU,12,30,-28.02668845,145.61967873,-28.03668533,145.63304276,,
YCMW,13,31,-19.91046513,138.12068014,-19.91847617,138.12896202,,
YCNF,12,30,-21.66974814,121.58792696,-21.67829049,121.60538376,,
YCNG,01,19,-36.82205071,140.27367507,-36.81338033,140.27552443,,
YCNG,07,25,-36.81674101,140.26645778,-36.81422165,140.2772756,,
YCNG,15,33,-36.8151325,140.27004121,-36.8237075,140.2745264,,
YCNH,16,34,-29.68162389,115.8926677,-29.68566959,115.89463002,,
YCNK,17,35,-32.77994377,151.34099107,-32.78973225,151.3392597,,
YCNM,05,23,-30.98627442,148.36933268,-30.97814873,148.38222118,,
YCNM,12,30,-30.9768081,148.37396577,-30.98001612,148.3787215,,
YCNN,13,31,-31.02449736,123.15252426,-31.03264383,123.1613369,,
YCNO,06,24,-35.31646973,145.10008102,-35.31133448,145.11175414,,
YCNQ,1,19,-37.28309503,140.81059675,-37.27428894,140.81226983,,
YCNR,02,20,-37.5058664,149.16587665,-37.50032976,149.16941274,,
YCNY,14,32,-18.75374673,138.70497527,-18.76612341,138.71535015,,
YCOD,15,33,-26.73991612,140.63572736,-26.75106269,140.64034059,,
YCOE,11,29,-13.76061311,143.11195137,-13.76488422,143.122231,,
YCOF,04,22,-34.59242893,135.5057288,-34.58622111,135.51194487,,
YCOF,09,27,-34.58903358,135.49838076,-34.5889496,135.51299248,,
YCOG,6,24,-20.68385464,119.66138515,-20.68163773,119.66703447,,
YCOH,15,33,-35.82297438,144.21212617,-35.83102715,144.21591883,,
YCOI,10,28,-33.35891369,116.19461715,-33.36034899,116.20706502,,
YCOM,18,36,-36.2904408,148.97520236,-36.30906647,148.9700026,,
YCOO,09,27,-12.90305168,132.52687565,-12.90322516,132.5393109,,
YCOR,05,23,-36.00082431,146.34465823,-35.99272995,146.35839798,,
YCOR,14,32,-35.98308342,146.346446,-35.99245887,146.35481251,,
YCOS,01,19,-27.99131379,122.90352639,-27.98115667,122.90569143,,
YCOS,08,26,-27.98634943,122.89972791,-27.9846685,122.91559698,,
YCOY,1,19,-23.1343492,113.77921022,-23.12408221,113.78189673,,
YCPD,15,33,-11.29486769,131.82522687,-11.30294524,131.8282641,,
YCPH,08,26,-27.94961102,134.32926877,-27.94939056,134.34159402,,
YCPH,16,34,-27.94812417,134.33588483,-27.95106078,134.33699714,,
YCPN,15,33,-18.7128962,144.3100816,-18.72183268,144.31520466,,
YCRA,07,25,-30.45999938,147.70327971,-30.45633841,147.71662772,,
YCRG,06,24,-36.18535574,147.87949457,-36.1814793,147.89434643,,
YCRK,07,25,-18.87499081,125.92568554,-18.87045391,125.94270888,,
YCRK,14,32,-18.8747268,125.92594832,-18.88384043,125.93195992,,
YCRL,10,28,-34.49897511,149.45698686,-34.5008698,149.46594097,,
YCRT,16,34,-32.40003604,138.51761617,-32.41059168,138.52125863,,
YCRY,09,27,-18.21764445,142.24750446,-18.21986543,142.2611262,,
YCSL,02,20,-24.65831482,148.46692794,-24.64570736,148.47267665,,
YCSP,12,30,-25.3305317,131.75379581,-25.33659243,131.7642111,,
YCSV,06,24,-20.60161875,147.84709149,-20.59640901,147.85943083,,
YCTC,12,30,-22.81517455,122.58019675,-22.82144266,122.58973748,,
YCTI,12,30,-16.09321824,123.60658833,-16.09797664,123.61464801,,
YCTM,10,28,-34.62420858,148.02873054,-34.62690654,148.03748579,,
YCTM,16,34,-34.61716713,148.03563135,-34.62978594,148.0373987,,
YCTN,16,34,-37.60832688,141.3610176,-37.61644636,141.36310668,,
YCTN,9,27,-37.61436545,141.36305318,-37.61493988,141.36888343,,
YCTS,15,33,-20.14657673,139.40591838,-20.15496542,139.40953951,,
YCUA,09,27,-33.27703519,148.76182019,-33.27933917,148.77824778,,
YCUD,05,23,-25.60680853,141.50279234,-25.59900251,141.51460619,,
YCUD,11,29,-25.59475524,141.50225934,-25.59940479,141.51558367,,
YCUE,04,22,-27.45740988,117.91115864,-27.4438646,117.9242506,,
YCUN,05,23,-31.62725237,117.21153341,-31.61669921875,117.2239990234375,,
YCUN,14,32,-31.61736469,117.21027309,-31.62717462,117.22133625,,
YCUS,08,26,-34.21506984,135.63443216,-34.21546948,135.64259089,,
YCUS,17,35,-34.21172148,135.63447904,-34.22295453,135.63446718,,
YCVA,09,27,-33.70777436,138.5851981,-33.70807549,138.59167882,,
YCVA,17,35,-33.70695516,138.58482305,-33.71823408,138.5851639,,
YCVG,02,20,-34.69497998,138.57922502,-34.689581,138.58268559,,
YCVS,16,34,-30.48117154,115.08411055,-30.48923495,115.08722862,,
YCWA,08,26,-22.96769334,118.80393656,-22.96549257,118.82407129,,
YCWE,12,30,-11.00197917,136.75793851,-11.00497574,136.76163909,,
YCWH,04,22,-29.95623502,134.14706482,-29.95134725,134.15245521,,
YCWH,08,26,-29.96077832,134.14908778,-29.96069814,134.16144009,,
YCWH,14,32,-29.95468528,134.14782543,-29.96143185,134.15365295,,
YCWH,18,36,-29.95194172,134.15171935,-29.96275704,134.15178035,,
YCWI,16,34,-27.70387065,138.32633127,-27.71947844,138.32912358,,
YCWL,04,22,-33.67152155,136.88824815,-33.66392117,136.89742824,,
YCWL,12,30,-33.66397777,136.88818878,-33.6697716,136.89723258,,
YCWL,17,35,-33.66140686,136.88835924,-33.67463755,136.88926751,,
YCWN,01,19,-26.46787717,143.36842746,-26.45598132,143.37299512,,
YCWO,02,20,-37.85648549,142.61898703,-37.85080143,142.62233168,,
YCWO,10,28,-37.85198034,142.61786738,-37.85350099,142.62551766,,
YCWR,03,21,-33.84637026,148.64334013,-33.8384722,148.65162262,,
YCWR,15,33,-33.83921842,148.64488556,-33.85315544,148.65049055,,
YCXA,17,35,-25.97221377,153.00305555,-25.98075949,153.00427815,,
YCYT,17,35,-17.37554249,144.45001524,-17.38566223,144.45056845,,
YDAG,09,27,-17.9398701,143.58991575,-17.9412749,143.59946503,,
YDAJ,11,29,-21.69955155,139.52952151,-21.70433578,139.53994014,,
YDAR,05,23,-42.57301872,148.06832827,-42.57073173,148.07358963,,
YDAY,04,22,-27.16124701,151.26002249,-27.15565444,151.26681904,,
YDAY,13,31,-27.15419431,151.25915891,-27.16272006,151.26769635,,
YDBR,10,28,-16.04640546,142.38942838,-16.04823831,142.39946412,,
YDBY,05,23,-17.37456776,123.6582978,-17.36875766,123.66732331,,
YDBY,11,29,-17.36882415,123.65346126,-17.37429237,123.66876121,,
YDDF,6,24,-16.05422644,143.00879399,-16.04991159,143.01799673,,
YDDY,1,19,-13.8547222,131.20360762,-13.83564432,131.20491861,,
YDEA,09,27,-13.66800123,134.28654702,-13.66944813,134.29571047,,
YDEG,01,19,-37.06524332,148.94037112,-37.05737096,148.94228753,,
YDEK,09,27,-34.94521457,117.3900275,-34.94521798,117.40196951,,
YDEV,01,19,-21.21724762,140.23420237,-21.20708285,140.23603482,,
YDGA,11,29,-27.82774143,117.30855027,-27.83277971,117.32376398,,
YDGI,02,20,-28.13737054,140.87849455,-28.12476506,140.88362099,,
YDGN,06,24,-15.38841104,126.29874032,-15.38332927,126.30880933,,
YDGR,3,21,-27.79572167,116.9901865,-27.78664155,116.99677926,,
YDGT,9,27,-25.27826819,116.19983033,-25.27931434,116.2080502,,
YDIM,14,32,-17.12576787,145.09342747,-17.13189497,145.0985806,,
YDIX,7,25,-15.11881236,143.31028283,-15.11678969,143.31923508,,
YDKI,14,32,-17.93599983,146.13938982,-17.94217562,146.14346344,,
YDLC,09,27,-26.64216178,149.72509197,-26.6420922,149.73522904,,
YDLD,12,30,-22.4572515,134.88138601,-22.463649,134.892131,,
YDLH,03,21,-26.42821253,135.50557604,-26.41843406,135.51262293,,
YDLH,1,19,-26.4283795,135.50909596,-26.42279506,135.5095564,,
YDLK,09,27,-29.01412471,138.47671628,-29.01515171,138.4868045,,
YDLK,18,36,-29.00702617,138.48036544,-29.01755794,138.48033372,,
YDLL,01,19,-36.85197377,143.6893504,-36.84998674,143.69003344,,
YDLL,12,30,-36.84901771,143.68630803,-36.85148912,143.6909059,,
YDLO,14,32,-27.86814901,121.26391699,-27.87998325,121.27882189,,
YDLQ,06,24,-35.56105138,144.94029312,-35.55661562,144.95259754,,
YDLQ,12,30,-35.55250494,144.94276459,-35.563,144.95312778,,
YDLT,09,27,-16.99215346,141.31644295,-16.9921721,141.32761504,,
YDLV,12,30,-12.54695641,130.68232445,-12.55405359,130.69198381,,
YDLW,14,32,-16.25733283,133.37702393,-16.27236455,133.38995929,,
YDME,09,27,-30.40092388,119.8233421,-30.40166021,119.83558154,,
YDMF,1,19,-29.67139793,119.29132285,-29.660974,119.293274,,
YDMG,12,30,-17.93324733,138.80778315,-17.94077343,138.82128262,,
YDMN,12,30,-13.74738466,130.68939639,-13.75249864,130.69840251,,
YDMR,08,26,-15.62149541,131.64111871,-15.625816,131.656358,,
YDNB,02,20,-22.06146012,146.23715838,-22.05115484,146.24290157,,
YDNI,10,28,-9.57841135,143.77811177,-9.57993888,143.78240526,,
YDNK,8,26,-32.88248409,143.57650317,-32.88089853,143.59010954,,
YDNV,01,19,-28.09504422,144.36458524,-28.08749723,144.36549948,,
YDNV,05,23,-28.09356464,144.36525429,-28.08886289,144.37391063,,
YDNV,09,27,-28.0943263,144.36507931,-28.09485083,144.37505911,,
YDOC,18,36,-32.64447491,151.2098828,-32.65430719,151.20830649,,
YDOD,09,27,-36.359669,143.004619,-36.361056,143.017497,,
YDOD,18,36,-36.360814,143.007425,-36.368069,143.006228,,
YDON,06,24,-31.17161763,117.04249433,-31.16751822,117.05258426,,
YDOO,03,21,-18.71304768,140.55042,-18.70435486,140.55788388,,
YDOP,11,29,-19.60018409,146.83900377,-19.60397265,146.84748477,,
YDOR,14,32,-16.54834341,141.8187423,-16.55904896,141.8287439,,
YDPD,03,21,-24.14864395,141.10855417,-24.14264636,141.11516635,,
YDPD,14,32,-24.14356002,141.1066447,-24.15072416,141.1111157,,
YDPO,06,24,-41.16973213,146.41913173,-41.16573933,146.44045262,,
YDPO,14,32,-41.16567264,146.42858283,-41.17293036,146.43283117,,
YDPR,12,30,-22.61429129,135.19571965,-22.61786664,135.20169748,,
YDPT,05,23,-31.57673263,125.18208577,-31.57069627,125.1925821,,
YDPT,15,33,-31.57427895,125.18483862,-31.57838863,125.18743384,,
YDPW,07,25,-24.29927535,134.1377958,-24.29680852,134.14664868,,
YDRA,18,36,-29.29249216,114.927392,-29.3038827,114.92739884,,
YDRC,11,29,-25.26725785,115.86311799,-25.27044806,115.87115244,,
YDRC,13,31,-25.26723318,115.86711168,-25.27070805,115.87091022,,
YDRD,05,23,-15.71727867,126.37682481,-15.70944361,126.38585484,,
YDRG,2,20,-23.74554593,149.66138332,-23.73124881,149.66730165,,
YDRH,07,25,-27.07700114,141.89487671,-27.07562239,141.9049138,,
YDRH,2,20,-27.0784455,141.89747405,-27.06950954,141.90146861,,
YDRI,01,19,-25.68800714,140.2270526,-25.67887102,140.2290544,,
YDRI,05,23,-25.68977694,140.22198216,-25.68586411,140.22702835,,
YDRL,17,35,-26.43325586,133.25982,-26.44158712,133.26100212,,
YDRL,7,25,-26.4375407,133.25225353,-26.43488897,133.26530203,,
YDUM,9,27,-33.32289513,117.73899214,-33.32289513,117.74956218,,
YDUN,15,33,-27.51534345,153.4261107,-27.5226685,153.42910387,,
YDVE,15,33,-32.27533022,116.53304106,-32.28260148,116.53831138,,
YDVR,09,27,-24.85954219,129.11456638,-24.8596246,129.1294353,,
YDWF,09,27,-15.74680371,131.91252775,-15.746691,131.923711,,
YDWU,14,32,-30.1940557,116.64993924,-30.20305869,116.6586582,,
YDYD,13,31,-22.0702544,135.33558254,-22.07985583,135.34608818,,
YDYS,14,32,-22.6167092,148.35903341,-22.62831349,148.36745251,,
YECH,17,35,-36.15780648,144.76194107,-36.16906209,144.76230748,,
YECH,5,23,-36.15793558,144.7587584,-36.15552818,144.76359356,,
YECL,12,30,-31.70440371,128.8738528,-31.7093028,128.88087838,,
YECL,17,35,-31.69972454,128.87582337,-31.71103786,128.87807731,,
YECL,3,21,-31.70999891,128.87441574,-31.70345894,128.8800389,,
YECL,8,26,-31.70771949,128.8662887,-31.70690405,128.87960626,,
YEDA,09,27,-28.74047342,138.58279743,-28.74201415,138.59579657,,
YEDA,17,35,-28.73529144,138.58822022,-28.74593854,138.58982618,,
YEDE,08,26,-37.01654684,141.26191714,-37.01612597,141.26855122,,
YEDE,18,36,-37.01556761,141.26762392,-37.0245187,141.26624853,,
YEDM,14,32,-23.76268413,116.09433235,-23.77072476,116.10125523,,
YEDM,4L,22R,-23.77370386,116.09368932,-23.76078,116.107759,,
YEDM,4R,22L,-23.76688427,116.11946222,-23.76226804,116.12430842,,
YEEB,03,21,-29.83785775,115.24241343,-29.82760759,115.2500927,,
YEES,10,28,-32.59885633,151.33817371,-32.59967796,151.34313614,,
YEES,10R,28L,-32.59924383,151.33631437,-32.60043439,151.34343568,,
YEGA,05,23,-29.31406398,145.85272606,-29.3077119,145.86273053,,
YEIN,17,35,-18.49802923,144.09301208,-18.50908344,144.09437732,,
YEJI,08,26,-30.77150602,120.30239158,-30.7684135,120.32188701,,
YELD,10,28,-12.01807386,135.56827417,-12.02031251,135.58129463,,
YELE,12,30,-26.3646935,118.03461488,-26.370587,118.044745,,
YELK,13,31,-21.16776281,135.43959548,-21.176201,135.447804,,
YELL,14,32,-17.52192414,133.52623971,-17.53139786,133.53286047,,
YELM,02,20,-36.4959191,144.64338281,-36.48712602,144.64855639,,
YELN,18,36,-33.63362398,134.90072378,-33.64440304,134.89853731,,
YEMG,18,36,-26.69760403,143.26319058,-26.71102638,143.26134575,,
YEMJ,01,19,-28.63269971,132.2032329,-28.61847529,132.2080331,,
YEML,06,24,-23.57219642,148.17111363,-23.56647105,148.18863568,,
YEML,15,33,-23.56483925,148.1748144,-23.56972166,148.17773353,,
YEMP,17,35,-23.25189208,150.81390183,-23.25788963,150.81484199,,
YEPL,4,22,-28.30353944,141.22717062,-28.296866,141.233545,,
YEPR,17,35,-20.44153725,135.24860183,-20.454338,135.251042,,
YEQO,14,32,-15.99505111,127.97008933,-16.00412508,127.97823164,,
YERA,10,28,-25.49409531,117.16633289,-25.49589339,117.17483485,,
YERA,3,21,-25.50243824,117.17062751,-25.49665029,117.17521327,,
YERH,1,19,-25.62274502,121.57699656,-25.61083357,121.58057728,,
YERH,11,29,-25.61946374,121.57630959,-25.62237579,121.58334747,,
YERH,16,34,-25.61297665,121.57696806,-25.62463962,121.58068559,,
YERL,09,27,-25.20576678,133.24831056,-25.2063741,133.26066466,,
YERN,05,23,-26.26827351,132.17096082,-26.26193572,132.18185392,,
YERO,15,33,-25.55546786,116.65718875,-25.56448853,116.66284606,,
YERU,06,24,-31.43485647,139.4275611,-31.43046431,139.4393703,,
YERU,14,32,-31.42949758,139.42790056,-31.43654207,139.43458645,,
YESC,17,35,-17.72105879,139.41516208,-17.732067,139.415609,,
YESE,14,32,-20.96566639,140.99793322,-20.98282381,141.01167113,,
YESP,03,21,-33.68910838,121.82108848,-33.67978754,121.82713357,,
YESP,11,29,-33.67926773,121.81275972,-33.68505069,121.83092091,,
YEUA,01,19,-36.74710475,145.51055022,-36.73827109,145.51491455,,
YEUD,10,28,-24.44194272,115.60322169,-24.44317514,115.61032343,,
YEUO,04,22,-28.17298215,145.03606607,-28.16400112,145.04746317,,
YEVA,16,34,-17.99670667,134.86167101,-18.00403767,134.86426601,,
YEVD,18,36,-29.09381728,153.42028909,-29.10547378,153.41867945,,
YEVP,10,28,-27.03684363,132.68221773,-27.04123171,132.69557271,,
YEWO,01,19,-30.24058837,147.51532517,-30.23196749,147.51805307,,
YEWO,10,28,-30.23459806,147.51426727,-30.23623033,147.52314042,,
YEXM,02,20,-22.04775795,114.10041138,-22.03578837,114.10423896,,
YEYD,07,25,-28.2044709,134.48838632,-28.2001531,134.50441168,,
YFBS,09,27,-33.36178624,147.9212047,-33.36353864,147.93424121,,
YFCU,13,31,-21.28672975,116.12911106,-21.29296644,116.13555234,,
YFDF,12,30,-22.28543746,119.4291634,-22.29708183,119.44763289,,
YFDN,02,20,-35.01554723,147.37235881,-35.00970621,147.37548346,,
YFFT,15,33,-33.8436938,138.77490405,-33.84947,138.778368,,
YFFT,2,20,-33.84728787,138.77375156,-33.84382164,138.77604617,,
YFIL,06,24,-35.66058025,145.55766447,-35.65661413,145.5660717,,
YFLI,05,23,-40.09446049,147.99316812,-40.08982297,148.00417218,,
YFLI,14,32,-40.08287905,147.98280308,-40.09535497,147.9947427,,
YFLO,8,26,-18.29822453,128.44988903,-18.29743016,128.46311654,,
YFLS,01,19,-33.73313978,134.50057304,-33.72543088,134.50266194,,
YFNE,15,33,-25.58954613,134.58084942,-25.59853975,134.58545507,,
YFOR,08,26,-25.33811843,118.37030446,-25.33789028,118.38619662,,
YFRD,01,19,-31.22105939,139.78116872,-31.21566318,139.78242498,,
YFRD,08,26,-31.22034383,139.77906733,-31.21988508,139.78401054,,
YFRG,17,35,-26.76852464,132.01746421,-26.77979609,132.01807063,,
YFRI,11,29,-41.99767301,148.25174828,-42.00107099,148.26341563,,
YFRK,05,23,-34.42394603,117.01735441,-34.41778736,117.0267774,,
YFRT,09,27,-30.83648985,128.10970264,-30.83727937,128.12377987,,
YFRT,18,36,-30.83268309,128.1128211,-30.84640695,128.11291595,,
YFRV,14,32,-15.16064634,127.83652796,-15.16894479,127.84377627,,
YFSA,9,27,-18.58573852,143.56056379,-18.58745909,143.57180881,,
YFSK,09,27,-37.67734112,144.2164643,-37.67823003,144.225256,,
YFTA,15,33,-32.57652385,119.70328101,-32.5878529,119.7125492,,
YFTN,01,19,-29.90979449,139.47467414,-29.89950102,139.47665041,,
YFTN,14,32,-29.9042505,139.47328081,-29.91036195,139.4777172,,
YFTZ,01,19,-18.18915833,125.55796663,-18.17794933,125.56162329,,
YFWY,08,26,-13.98155382,127.17377541,-13.98034231,127.18248684,,
YGAD,05,23,-32.24230512,115.68335541,-32.23947068,115.68676674,,
YGAM,8,26,-16.54450526,143.6625965,-16.54338926,143.6741805,,
YGAN,12,30,-13.04374677,135.9471151,-13.05239426,135.95986796,,
YGAR,17,35,-23.78841849,113.52753811,-23.79491839,113.5285137,,
YGAR,2,20,-23.79471599,113.52841887,-23.78730074,113.53240824,,
YGAS,02,20,-27.59291499,152.25582921,-27.5864659,152.25827606,,
YGAW,13,31,-34.59374742,138.71229461,-34.60147554,138.72056622,,
YGAW,5,23,-34.60149806,138.71661251,-34.59556659,138.72625049,,
YGAY,06,24,-25.61812758,151.61516363,-25.61335753,151.6266122,,
YGBI,10,28,-11.64927152,133.36871383,-11.6513858,133.38135635,,
YGBO,07,25,-37.56678861,149.90789969,-37.56501344,149.91456202,,
YGBW,14,32,-35.96337715,144.37801069,-35.96863639,144.38327077,,
YGCR,17,35,-32.05064399,151.97611212,-32.05639728,151.97622113,,
YGDA,12,30,-29.06981119,147.38087364,-29.07580822,147.38876141,,
YGDH,11,29,-30.9535859,150.24059987,-30.96159519,150.25508121,,
YGDH,17,35,-30.95519539,150.25096251,-30.96027458,150.25068112,,
YGDI,04,22,-28.52701836,150.31555775,-28.51803716,150.32474539,,
YGDI,12,30,-28.52073947,150.31785231,-28.52547743,150.32392834,,
YGDO,09,27,-35.05455377,149.25561173,-35.05527548,149.2600972,,
YGDO,18,36,-35.04520649,149.2567985,-35.05492924,149.2550934,,
YGDR,14,32,-23.29143234,134.4381675,-23.29896697,134.44478714,,
YGDS,17,35,-18.62186817,139.2324331,-18.63435544,139.23451551,,
YGDV,6,24,-20.25062042,142.43616259,-20.24752568,142.44335146,,
YGEL,08,26,-28.78795196,114.69952394,-28.78647435,114.70859948,,
YGEL,14,32,-28.78807358,114.70045342,-28.79412933,114.70570353,,
YGFN,18,36,-29.74712267,153.03203664,-29.76248561,153.03043863,,
YGGE,11,29,-28.76142345,116.96502854,-28.76700894,116.977825,,
YGGI,3,21,-34.00051704,145.71318224,-33.99176446,145.71945802,,
YGGL,11,29,-14.84991446,143.2698177,-14.85470237,143.28258834,,
YGGO,12,30,-31.31495638,150.91287037,-31.31910997,150.92091107,,
YGGS,08,26,-19.71006935,144.36819343,-19.7098607,144.37766826,,
YGHG,1,19,-18.25189089,145.12506956,-18.2445,145.127244,,
YGIB,07,25,-16.41986404,126.4402956,-16.41733482,126.45130379,,
YGID,6,24,-27.27417159,119.39130926,-27.26816581,119.4090676,,
YGIF,13,31,-24.04418344,116.21422176,-24.04991224,116.22055352,,
YGIG,08,26,-31.46660548,115.85328914,-31.46212935,115.87276356,,
YGIL,08,26,-31.69696468,148.63414805,-31.69729,148.64025947,,
YGIL,15,33,-31.69132316,148.63430045,-31.70172111,148.6382194,,
YGIR,2,20,-22.68303492,114.36924125,-22.67458162,114.37420322,,
YGKL,12,30,-23.18198143,150.93792726,-23.18658196,150.94449212,,
YGLA,10,28,-23.86672109,151.21644775,-23.87268678,151.23412035,,
YGLB,04,22,-34.8132015,149.72170024,-34.80541364,149.73205246,,
YGLB,08,26,-34.80964956,149.72733749,-34.80987531,149.73470807,,
YGLD,16,34,-30.97680014,135.7760602,-30.9874208,135.77991629,,
YGLE,15,33,-24.79420401,139.59436536,-24.80429578,139.59959185,,
YGLI,10,28,-29.67389286,151.68245647,-29.67684452,151.69439044,,
YGLI,14,32,-29.66703303,151.68618052,-29.67921386,151.69294865,,
YGLO,16,34,-22.88273647,138.82007409,-22.89462141,138.82298917,,
YGLO,8,26,-22.88956018,138.81829493,-22.88873576,138.82496975,,
YGLS,15,33,-25.0364716,128.28746185,-25.04583926,128.29793945,,
YGMD,8,26,-12.0956667,133.67642188,-12.0948527,133.68416088,,
YGMP,6,24,-37.05068483,142.26420858,-37.04526162,142.27661969,,
YGNF,18,36,-33.86724103,148.05746669,-33.87624409,148.05590616,,
YGNV,13,31,-18.99262285,145.00971044,-19.00026994,145.01730249,,
YGNW,12,30,-33.97460561,118.00559921,-33.98171982,118.01940893,,
YGON,08,26,-19.77260973,139.39861707,-19.77263358,139.40978639,,
YGPI,8,26,-23.29119818,119.14040448,-23.289723,119.1574,,
YGPT,04,22,-11.40410782,130.42157475,-11.39522269,130.42959103,,
YGRL,08,26,-37.84197924,147.99661143,-37.84277843,148.00994637,,
YGRL,13,31,-37.84069617,147.99862556,-37.8455261,148.00303022,,
YGRU,03,21,-18.08215652,145.40305338,-18.07415539,145.41031585,,
YGSC,13,31,-25.05109391,115.19813785,-25.05817779,115.20711436,,
YGTE,10,28,-13.97102835,136.44988055,-13.97375145,136.46727962,,
YGTH,06,24,-34.25722274,146.05183351,-34.2509224,146.06869183,,
YGTH,18,36,-34.24657546,146.06855383,-34.25191573,146.0675883,,
YGTN,06,24,-18.30504811,143.52589617,-18.30037381,143.53572363,,
YGTO,06L,24R,-41.07977916,146.83380742,-41.07891289,146.84027267,,
YGTO,06R,24L,-41.08023606,146.83335782,-41.07865473,146.84513487,,
YGTO,10,28,-41.07436149,146.83455145,-41.07665516,146.84029774,,
YGTO,13,31,-41.07548103,146.83676037,-41.07807579,146.83970967,,
YGUL,09,27,-28.64586998,116.30465998,-28.64666823,116.31518352,,
YGUW,15,33,-17.94689243,145.16387018,-17.95447957,145.16727196,,
YGWA,01,19,-35.48557525,138.74241038,-35.47425904,138.7463794,,
YGWA,09,27,-35.47862982,138.74224078,-35.47968247,138.74945396,,
YGWA,16,34,-35.47252207,138.7462919,-35.48101165,138.74857825,,
YGWD,09,27,-25.18249817,142.682404,-25.18242459,142.68878566,,
YGWD,15,33,-25.18374554,142.6886009,-25.18951782,142.69184822,,
YGWD,17,35,-25.18158995,142.68858758,-25.19481659,142.68891672,,
YGYM,03,21,-26.28831909,152.6977243,-26.28242975,152.70230097,,
YGYM,14,32,-26.28467999,152.69931567,-26.29466912,152.70611799,,
YHAA,12,30,-23.44840447,131.84626382,-23.45577126,131.85786001,,
YHAB,15,33,-20.10108725,148.44447315,-20.10552411,148.4468021,,
YHAE,08,26,-34.56289046,148.38815961,-34.56265421,148.3986264,,
YHAG,08,26,-31.00666832,126.07070781,-31.00613397,126.08383021,,
YHAW,18,36,-31.84929351,138.46838063,-31.86028174,138.46773355,,
YHAY,04,22,-34.53737779,144.82397131,-34.52785542,144.83493659,,
YHAY,15,33,-34.52380215,144.82701321,-34.53318564,144.83240691,,
YHBA,11,29,-25.31558096,152.87152291,-25.32423037,152.88895771,,
YHBK,04,22,-35.68251068,147.31832025,-35.6775935,147.32664606,,
YHBK,14,32,-35.67700815,147.31965688,-35.6821433,147.3242247,,
YHBR,9,27,-16.48948406,130.6247343,-16.48962616,130.63633218,,
YHBY,11,29,-24.58220918,133.23111813,-24.58553644,133.2397632,,
YHDD,9,27,-15.21884154,134.0681695,-15.22024635,134.07768366,,
YHDY,17,35,-21.30873307,138.29547008,-21.324573,138.296148,,
YHDY,8,26,-21.32169821,138.29201548,-21.32041022,138.30252225,,
YHEC,10,28,-27.76581957,153.33368944,-27.76801472,153.34054259,,
YHEC,18,36,-27.76445738,153.34001472,-27.76975641,153.3390115,,
YHEG,9,27,-17.45533402,138.3425578,-17.45570777,138.3562594,,
YHEW,07,25,-23.22677674,150.59629242,-23.22506315,150.60521829,,
YHEW,17,35,-23.21530672,150.60267521,-23.22503677,150.6033636,,
YHGR,13,31,-24.44162633,133.70137712,-24.45140376,133.71073106,,
YHGS,09,27,-30.71592704,129.50183376,-30.71727681,129.51429688,,
YHHY,11,29,-16.42172151,143.14103634,-16.42634927,143.14982445,,
YHID,08,26,-10.58666237,142.28124325,-10.58552177,142.29387999,,
YHID,14,32,-10.5809787,142.28879059,-10.58951002,142.29606282,,
YHIL,08,26,-21.71870716,119.43329644,-21.71719189,119.45168062,,
YHKT,14,32,-22.93602854,135.44378368,-22.94555892,135.45188131,,
YHLC,04,22,-18.24090513,127.6614028,-18.23129537,127.67105492,,
YHLC,08,26,-18.23555847,127.66312208,-18.23492282,127.67212331,,
YHLM,03,21,-33.27043552,116.81565651,-33.25883764,116.82269349,,
YHLN,10,28,-18.44260084,133.87457232,-18.44376226,133.87969552,,
YHLN,16,34,-18.43781797,133.87807695,-18.44599163,133.88057202,,
YHLS,06,24,-33.49606565,145.51697003,-33.4922964,145.53026967,,
YHLS,14,32,-33.49356243,145.52355524,-33.50143678,145.52875266,,
YHMB,11,29,-23.92451507,132.80298197,-23.92871903,132.81308798,,
YHML,10,28,-37.64596104,142.05928755,-37.65036725,142.07211055,,
YHML,17,35,-37.63863917,142.06190441,-37.65399802,142.06188071,,
YHMT,03,21,-26.72171447,135.07090323,-26.712795,135.07738546,,
YHOA,11,29,-12.09462688,135.36030838,-12.09867394,135.36907236,,
YHON,01,19,-31.75955146,140.66251805,-31.74768132,140.66754107,,
YHOO,10,28,-18.32698846,130.63970064,-18.33053631,130.65438469,,
YHOT,11,29,-37.0445428,147.32836234,-37.05180518,147.34205782,,
YHOY,03,21,-22.27737207,150.038197,-22.27087189,150.04209225,,
YHPE,12,30,-33.90766984,120.14467335,-33.91154781,120.15166392,,
YHPE,17,35,-33.9049061,120.14534302,-33.91225842,120.14708108,,
YHPN,01,19,-35.72059181,142.35798487,-35.71045119,142.36253604,,
YHPN,08,26,-35.71395195,142.35760869,-35.71392227,142.3629784,,
YHPV,10,28,-15.29118853,145.09901336,-15.2933767,145.10807805,,
YHRD,09,27,-28.99617565,144.44755769,-28.99631,144.45887899,,
YHRD,18,36,-28.98958649,144.45584133,-28.99856451,144.45161858,,
YHSL,11,29,-25.34203332,118.61645783,-25.34829115,118.63144345,,
YHSM,08,26,-36.66880124,142.17072254,-36.66880124,142.18551139,,
YHSM,17,35,-36.66985951,142.17198075,-36.67878471,142.17208162,,
YHTA,06,24,-32.14558964,135.09306485,-32.13845405,135.10865714,,
YHTA,10,28,-32.14090002,135.09265921,-32.14384262,135.1039417,,
YHTL,10,28,-11.73516048,142.57066251,-11.73873521,142.58424108,,
YHTN,16,34,-17.42599658,145.39583271,-17.43329005,145.39737827,,
YHTR,01,19,-40.52343109,144.74155112,-40.51847895,144.74269277,,
YHTR,09,27,-40.52245558,144.73995221,-40.52250168,144.74564479,,
YHTS,14,32,-22.98468345,134.91760423,-22.99385713,134.92533118,,
YHUG,12,30,-20.80828421,144.21868586,-20.81738151,144.23115618,,
YHVH,15,33,-20.69794259,146.64420176,-20.70902541,146.650427,,
YIDK,11,29,-26.96203921,133.31513417,-26.96789867,133.32713381,,
YIDR,09,27,-25.06149504,133.73406996,-25.06238824,133.74365606,,
YIDR,14,32,-25.05997069,133.73419232,-25.06547515,133.73922101,,
YIFF,13,31,-22.23248318,148.42874551,-22.23997465,148.4363723,,
YIFL,03,21,-17.56435372,146.00868527,-17.55442571,146.01593613,,
YIFL,14,32,-17.55423155,146.00708972,-17.56374977,146.01509849,,
YIFY,12,30,-18.8956283,141.20838175,-18.89925733,141.21359251,,
YIGM,05,23,-18.66826633,146.13904843,-18.66087999,146.15130988,,
YIGR,09,27,-29.62728257,134.78246432,-29.62856857,134.79241722,,
YIGR,14,32,-29.62360233,134.78471579,-29.63169355,134.79112671,,
YIKL,17,35,-22.74982746,136.16098814,-22.76636581,136.16238405,,
YIKM,10,28,-16.22881382,141.42887834,-16.22961665,141.43984527,,
YILA,01,19,-36.45978107,146.43141053,-36.45287341,146.43463832,,
YILF,05,23,-23.47536804,144.52999435,-23.4679445,144.53798367,,
YILW,06,24,-28.42112416,151.09068365,-28.41632518,151.10050324,,
YILW,08,26,-28.41786928,151.09102006,-28.41774149,151.09632113,,
YIMA,14,32,-25.13600541,132.56700831,-25.141328,132.57132248,,
YIMB,03,21,-33.09859112,136.46088259,-33.0877258,136.47178428,,
YIMB,15,33,-33.08354243,136.46077773,-33.09299325,136.46480444,,
YIMP,05,23,-25.15884535,133.57169487,-25.14945401,133.58618966,,
YIMT,10,28,-27.74158882,140.74531943,-27.74314119,140.75511534,,
YING,5,23,-25.00009431,148.32807718,-24.99384351,148.33811792,,
YINJ,14,32,-25.84649476,148.5461881,-25.8553779,148.55302558,,
YINN,02,20,-27.70251058,140.73605763,-27.69231534,140.74312488,,
YINO,09,27,-29.7733787,151.16030681,-29.77403274,151.17051516,,
YINV,07,25,-18.00763283,140.52682336,-18.00225182,140.54632467,,
YINV,14,32,-17.99918297,140.53078049,-18.00886972,140.53814794,,
YINW,13,31,-17.8368088,129.63877118,-17.84578649,129.6480891,,
YISD,12,30,-24.21312281,144.62100819,-24.21774819,144.62962089,,
YISD,6,24,-24.21924356,144.6202315,-24.2153551,144.62815514,,
YISF,14,32,-24.25406778,144.42067667,-24.26456148,144.42778545,,
YISV,10,28,-15.37847338,131.2669169,-15.38161499,131.27772785,,
YITT,14,32,-36.51044731,147.35647131,-36.51736326,147.36169501,,
YIVL,04,22,-29.89250696,151.13777672,-29.889299392700195,151.1439971923828,,
YIVL,16,34,-29.87859837,151.14345299,-29.8974032,151.14703977,,
YIVO,16,34,-32.88127322,144.31054707,-32.89240501,144.31208773,,
YIVO,9,27,-32.88177216,144.30630447,-32.88314569,144.31711831,,
YJAB,09,27,-12.65752499,132.88821025,-12.65855809,132.90106169,,
YJAC,14,32,-30.89479766,132.17752773,-30.90718309,132.18968253,,
YJAK,17,35,-27.63736725,142.40434855,-27.65481289,142.40614086,,
YJAM,02,20,-25.86807577,127.67804407,-25.85354175,127.68309326,,
YJBY,08,26,-35.1452508,150.68819178,-35.14636894,150.70422316,,
YJBY,15,33,-35.14173343,150.69492975,-35.15493416,150.69957295,,
YJCO,02,20,-42.37102002,147.33424422,-42.36570506,147.33788752,,
YJDA,01,19,-24.84310445,143.05933881,-24.83189155,143.06517092,,
YJER,01,19,-35.37762782,145.72072804,-35.36829904,145.72563627,,
YJEY,04,22,-29.41053627,121.26795578,-29.40481628,121.27468896,,
YJGP,12,30,-33.91348667,118.89759939,-33.92259837,118.91098585,,
YJIG,13,31,-23.35375543,120.7626784,-23.35997401,120.76862338,,
YJIG,14,32,-23.3434165,120.795624,-23.3528975,120.80258525,,
YJIG,6,24,-23.36587942,120.75863387,-23.3608464,120.76993907,,
YJIN,09,27,-36.42719246,148.59583882,-36.4295476,148.6038503,,
YJIN,12,30,-36.42651586,148.59600969,-36.43156526,148.60336281,,
YJLC,10,28,-20.66638829,141.71198438,-20.67012269,141.72483049,,
YJNB,02,20,-30.30828491,115.05319841,-30.29702173,115.05788224,,
YJNK,16,34,-22.9280588,135.73042236,-22.941366,135.734805,,
YJNY,7,25,-16.50991177,144.3873414,-16.50674391,144.39878856,,
YJRO,1,19,-23.58974299,146.13208752,-23.57903418,146.13415418,,
YJST,16,34,-33.18636499,138.61431244,-33.1975995,138.61737482,,
YJUK,15,33,-24.363599,128.7353975,-24.37801115,128.74449031,,
YJUN,08,26,-26.42297609,120.56749775,-26.42068291,120.58835264,,
YJVM,01,19,-22.64645442,136.26352969,-22.637653,136.265707,,
YJVS,14,32,-22.91029836,136.11798385,-22.91846208,136.12342604,,
YJWB,4,22,-15.73142342,144.26917339,-15.72400846,144.276257,,
YKAE,14,32,-30.35742092,117.11918605,-30.36398714,117.12535497,,
YKAJ,10,28,-20.02187708,140.01178613,-20.02657215,140.02769319,,
YKAJ,13,31,-20.02788468,140.02935342,-20.03356433,140.0351507,,
YKAL,10,28,-14.28675958,126.62966668,-14.2897797,126.6396727,,
YKAN,10,28,-30.89713432,124.85274173,-30.90041712,124.86451623,,
YKAN,17,35,-30.89382851,124.86107454,-30.90461068,124.86280251,,
YKAP,15,33,-34.24430185,138.91263933,-34.24955115,138.91546401,,
YKAR,12,30,-29.21443688,116.68077088,-29.22009874,116.69364682,,
YKAT,06,24,-33.66885038,150.31704073,-33.66698976,150.32717844,,
YKAT,10,28,-33.66650214,150.31891498,-33.66922338,150.32673056,,
YKAY,02,20,-30.6808829,142.53647669,-30.67222138,142.54045588,,
YKAY,12,30,-30.67299552,142.52807708,-30.68015417,142.53927444,,
YKBG,12,30,-30.83751638,119.52737773,-30.84262093,119.53704611,,
YKBL,16,34,-31.18296058,121.59522942,-31.19906875,121.60067514,,
YKBN,12,30,-28.08556318,152.84068224,-28.09196278,152.85050335,,
YKBR,18,36,-27.6849885,114.25926568,-27.69941328,114.25924294,,
YKBY,05,23,-32.84453818,134.29367775,-32.84018421,134.30032154,,
YKBY,13,31,-32.8325496,134.28720335,-32.84033447,134.2982989,,
YKCA,12,30,-24.25638568,131.48391987,-24.26480951,131.49530986,,
YKCK,09,27,-39.84782246,147.85240414,-39.85094548,147.86732484,,
YKCS,10,28,-24.4187481,131.81174601,-24.42347438,131.82735889,,
YKDI,05,23,-33.9722069,137.65409065,-33.96712984,137.6655348,,
YKDL,04,22,-32.03109756,134.85483885,-32.02460162,134.86225885,,
YKDL,17,35,-32.0204635,134.86141806,-32.03188567,134.86309616,,
YKDM,07,25,-16.11688773,130.94780203,-16.11393624,130.95765971,,
YKDN,17,35,-32.46171574,118.26991559,-32.47323167,118.26982982,,
YKEB,10,28,-31.61555745,117.71377372,-31.61798847,117.72352352,,
YKEN,09,27,-26.3358541,132.47093788,-26.33716331,132.48163002,,
YKEP,02,20,-30.89698816,150.52960699,-30.89004836,150.53248745,,
YKEP,09,27,-30.89292757,150.52784417,-30.89468283,150.53295561,,
YKEP,14,32,-30.8862477,150.52323412,-30.89730657,150.52956134,,
YKER,05,23,-35.75269767,143.93911788,-35.74947543,143.94567121,,
YKER,14,32,-35.74785924,143.93419134,-35.7560958,143.94027028,,
YKGA,04,22,-30.92046169,135.29971095,-30.91304037,135.30885851,,
YKGA,14,32,-30.91058611,135.30413279,-30.92226268,135.31365579,,
YKHA,14,32,-36.20754815,148.10528506,-36.21948552,148.1153332,,
YKIA,13,31,-17.24178421,136.17772695,-17.24829419,136.18384793,,
YKIC,8,26,-22.8123727,127.72601549,-22.80966188,127.74286568,,
YKID,03,21,-18.87235869,144.17126181,-18.86319977,144.17768979,,
YKIG,02,20,-36.82420866,139.86747333,-36.81614727,139.87274013,,
YKIG,10,28,-36.81614448,139.87358553,-36.8177388,139.88126401,,
YKII,10,28,-39.87343529,143.87049234,-39.87934995,143.88734945,,
YKII,17,35,-39.87279351,143.88478034,-39.88272522,143.88382996,,
YKIL,16,34,-16.42599598,129.61315721,-16.43460267,129.61596343,,
YKIR,9,27,-17.77824131,129.2003185,-17.77914109,129.21415765,,
YKIU,04,22,-23.09416699,149.42636602,-23.08660561,149.43457444,,
YKKG,03,21,-17.43294493,130.8065802,-17.42356145,130.81306795,,
YKKG,13,31,-17.4332721,130.80728108,-17.43937503,130.81363956,,
YKKH,10,28,-31.28688394,135.2284831,-31.29017373,135.23997525,,
YKKH,16,34,-31.27762319,135.23565301,-31.29072731,135.24003247,,
YKKH,4,22,-31.28929782,135.22731479,-31.2801227,135.23666926,,
YKKH,7,25,-31.28929594,135.22709337,-31.28604136,135.23858258,,
YKKN,09,27,-34.37890615,116.31860694,-34.37884019,116.32741225,,
YKLA,13,31,-15.88471039,142.4356863,-15.892332,142.44296053,,
YKLA,7,25,-15.92192511,142.43155968,-15.91897559,142.4436028,,
YKLB,04,22,-15.32210941,143.95155965,-15.31613148,143.95835463,,
YKLE,13,31,-16.24515076,131.74290984,-16.25277965,131.75226655,,
YKLG,5,23,-15.20816939,143.84176532,-15.20003117,143.85500312,,
YKLN,15,33,-15.41972862,143.49344654,-15.42746353,143.49804001,,
YKLR,17,35,-27.71624526,138.26091518,-27.72181383,138.26196898,,
YKMB,03,21,-17.45627453,140.83005686,-17.44639526,140.83797171,,
YKML,14,32,-19.36092055,140.04705141,-19.37506036,140.05648861,,
YKMP,04,22,-31.07653829,152.75843399,-31.06789529,152.77241504,,
YKNG,07,25,-33.70248825,117.64901689,-33.69680656,117.66381042,,
YKNG,13,31,-33.69472048,117.65032398,-33.69995925,117.65774623,,
YKNP,12,30,-31.12027411,117.90037571,-31.12659226,117.91165865,,
YKNT,08,26,-23.26470574,129.37206005,-23.26439816,129.38575917,,
YKOJ,16,34,-33.75661195,117.13419741,-33.76776954,117.13871409,,
YKOK,13,31,-29.33940863,121.48840393,-29.347347,121.499466,,
YKOL,12,30,-32.41502984,136.29294924,-32.41930427,136.29987867,,
YKOL,17,35,-32.41173727,136.29831082,-32.41972453,136.29838474,,
YKOL,7,25,-32.41694723,136.29295883,-32.41505961,136.30138501,,
YKOW,12,30,-15.48228684,141.74687421,-15.48850566,141.75800637,,
YKPR,11,29,-14.88787224,144.21581481,-14.893556,144.226323,,
YKRY,05,23,-26.58548275,151.83595958,-26.580565,151.84783221,,
YKRY,16,34,-26.57244737,151.83806794,-26.58663216,151.84111082,,
YKRY,16R,34L,-26.57407029,151.83721185,-26.58356469,151.83923702,,
YKSC,01,19,-35.72362163,137.52174348,-35.70840903,137.52904856,,
YKSC,06,24,-35.71485725,137.51685041,-35.71074316,137.52834304,,
YKSC,15,33,-35.7093335,137.51790832,-35.72074402,137.52403109,,
YKTH,17,35,-36.10967868,140.252434,-36.12006107,140.25243091,,
YKTN,09,27,-37.22547294,144.43950243,-37.22636358,144.44707322,,
YKTN,18,36,-37.22020563,144.4488058,-37.22646437,144.44765916,,
YKUB,11,29,-10.22448679,142.21561057,-10.22819689,142.22392148,,
YKUR,16,34,-20.50545897,134.66883773,-20.51418677,134.67211643,,
YKUW,1,19,-38.05041228,143.15506812,-38.04487708,143.15580068,,
YKUW,9,27,-38.04581977,143.13779458,-38.04811832,143.15864195,,
YKWG,01,19,-31.77879206,135.63340367,-31.76838618,135.63619582,,
YKWG,06,24,-31.77419888,135.63180846,-31.77285312,135.63587492,,
YKWG,16,34,-31.76956434,135.63400763,-31.77559223,135.63543859,,
YKYB,10,28,-36.33098744,144.96954739,-36.33253856,144.9780011,,
YKYN,06,24,-21.60065027,141.93930897,-21.59699656,141.94623482,,
YLAE,12,30,-13.11038043,130.49481744,-13.11550928,130.50309322,,
YLAG,5,23,-42.88858483,147.95213047,-42.88529243,147.95765187,,
YLAH,04,22,-18.57040419,138.63293592,-18.562606,138.64165025,,
YLAK,04,22,-20.68418112,148.62632934,-20.6780633,148.63392651,,
YLAM,02,20,-26.92284552,134.0517421,-26.91272246,134.05674941,,
YLAM,10,28,-26.91551608,134.04741817,-26.91695472,134.05459065,,
YLAN,01,19,-31.44430368,142.13742333,-31.43743312,142.1385597,,
YLAN,16,34,-31.43671979,142.13605215,-31.44516561,142.13871575,,
YLAO,09,27,-35.37312805,140.45746551,-35.37313776,140.47451719,,
YLAO,17,35,-35.3682061,140.4644024,-35.37515621,140.46442769,,
YLAW,10,28,-28.09002489,120.52811784,-28.09337539,120.54934619,,
YLBD,10,28,-16.51386234,122.91823238,-16.51677039,122.92905227,,
YLBG,08,26,-23.24470967,131.2528453,-23.242467,131.265671,,
YLCG,06,24,-33.28525703,146.36992048,-33.28028917,146.38137027,,
YLCG,12,30,-33.27874252,146.36975429,-33.28391145,146.3769073,,
YLCS,01,19,-36.82124336,145.3456465,-36.80649201,145.35204138,,
YLCS,01R,19L,-36.81997457,145.34678054,-36.81447444,145.34916501,,
YLDB,07,25,-40.19600724,148.23703573,-40.19555345,148.25234764,,
YLEA,03,21,-29.97378699,114.98068612,-29.96406544,114.9868478,,
YLEA,13,31,-29.96798869,114.97914052,-29.97238235,114.98783385,,
YLEC,02,20,-30.60372578,138.42031067,-30.59421292,138.42669658,,
YLEC,11,29,-30.59564339,138.42422474,-30.60358368,138.439511,,
YLED,10,28,-37.92032484,144.09742473,-37.92354504,144.10997191,,
YLED,16,34,-37.91647555,144.09992579,-37.92592177,144.10185778,,
YLEE,10,28,-34.49289972,146.43487695,-34.49600286,146.44758091,,
YLEE,11,29,-34.49201468,146.43605462,-34.4987506,146.4504217,,
YLEE,12,30,-34.49087655,146.43944439,-34.49542786,146.44793542,,
YLEE,5,23,-34.5038839,146.43626958,-34.49640522,146.44854226,,
YLEE,6,24,-34.50421689,146.43622146,-34.49800244,146.45049954,,
YLEG,04,22,-38.49910814,145.85697999,-38.49265861,145.86562698,,
YLEG,18,36,-38.4933243,145.86108611,-38.49925857,145.86006364,,
YLEO,04,22,-28.88920908,121.30608458,-28.87459463,121.31849853,,
YLEO,12,30,-28.87519842,121.30843469,-28.88226915,121.31696947,,
YLEV,08,26,-12.49834483,135.80163379,-12.49759619,135.81142063,,
YLFD,05,23,-14.92312542,144.19891319,-14.91819221,144.2071859,,
YLGA,7,25,-22.10517683,118.46771263,-22.10337783,118.47793759,,
YLGB,09,27,-18.68665782,121.80557169,-18.68721287,121.81686528,,
YLGC,10,28,-33.10551696,118.38306978,-33.10824415,118.39572261,,
YLGD,15,33,-41.68694323,147.14172527,-41.69543108,147.14480071,,
YLGN,04,22,-30.94245919,127.02696942,-30.93580847,127.03385617,,
YLGN,10,28,-30.93750606,127.01781317,-30.94136433,127.0306026,,
YLGU,11,29,-15.21418763,129.44417593,-15.21659982,129.45177249,,
YLHI,10,28,-31.53667535,159.07169073,-31.53998867,159.0802124,,
YLHR,12,30,-12.7837282,143.3005781,-12.79150195,143.31189514,,
YLHS,16,34,-19.18854938,144.36986747,-19.200886,144.372193,,
YLIL,18L,36R,-37.6909712,145.36800503,-37.69853425,145.3666019,,
YLIL,18R,36L,-37.68684942,145.36745458,-37.69841568,145.36530523,,
YLIM,10,28,-17.23412659,129.87728737,-17.23691597,129.88672644,,
YLIN,01,19,-20.45615945,149.03900731,-20.44642423,149.0402386,,
YLIN,13,31,-20.45196075,149.03847305,-20.45624656,149.04289199,,
YLIS,15,33,-28.82399606,153.25523237,-28.83768493,153.26178478,,
YLKD,13,31,-18.90125452,144.98677847,-18.91477911,145.00210906,,
YLKE,09,27,-37.85201087,147.94591397,-37.85258488,147.95743684,,
YLKN,11,29,-20.98041056,137.91612497,-20.9833117,137.92330281,,
YLKN,14,32,-20.97592829,137.91461283,-20.98543639,137.92068647,,
YLKS,16,34,-31.711105,152.724412,-31.72008022,152.72489302,,
YLLA,05,23,-29.7997796,133.34508593,-29.79382832,133.35370919,,
YLLA,15,33,-29.79406853,133.34551362,-29.80247486,133.35130707,,
YLLE,03,21,-27.41194379,141.80355468,-27.39941838,141.81515971,,
YLLT,01,19,-34.51772728,138.42541921,-34.51322674,138.42684196,,
YLLT,05,23,-34.51759296,138.42493055,-34.51327608,138.43365401,,
YLMB,13,31,-31.10880915,149.93699724,-31.11466129,149.94455674,,
YLMQ,07,25,-33.06645658,151.64166705,-33.06535979,151.65097927,,
YLMU,16,34,-33.74287606,143.00067749,-33.74995045,143.00236983,,
YLMU,7,25,-33.74777032,142.99416401,-33.74474894,143.0051254,,
YLND,16,34,-15.83503472,144.8471012,-15.84697524,144.85102733,,
YLNR,10,28,-24.92993383,116.96188136,-24.93297919,116.97304121,,
YLNR,17,35,-24.92471357,116.9622677,-24.93511483,116.96365008,,
YLOC,11,29,-20.74655507,120.98431849,-20.75319197,121.00175276,,
YLOD,14,32,-36.81148421,145.46340956,-36.81911685,145.47068632,,
YLOH,09,27,-30.53085032,145.12269878,-30.53195341,145.13413883,,
YLOK,07,25,-33.54517165,135.68643638,-33.54224067,135.69896395,,
YLOR,06,24,-18.98856484,139.89694698,-18.98422272,139.90461157,,
YLOR,15,33,-18.98045518,139.89942283,-18.99087341,139.90492801,,
YLOU,07,25,-18.71205534,126.70423582,-18.70981576,126.71442104,,
YLOV,8,26,-17.04820614,141.37215077,-17.04784232,141.38099961,,
YLOX,08,26,-34.47625408,140.66443929,-34.47633032,140.67736344,,
YLOX,17,35,-34.46931041,140.66344373,-34.47698819,140.66345999,,
YLRA,14,32,-15.556213,144.44866555,-15.56423023,144.45387806,,
YLRD,04,22,-29.45512242,147.98060196,-29.45065091,147.98617275,,
YLRD,10,28,-29.45056083,147.96981002,-29.45505451,147.98446444,,
YLRE,04,22,-23.43796252,144.27069041,-23.42594661,144.28442282,,
YLRG,10,28,-26.22856534,121.55108264,-26.23039033,121.56205788,,
YLRG,16,34,-26.22877562,121.55784212,-26.23818226,121.56058628,,
YLRG,7,25,-26.23347528,121.55062843,-26.23036724,121.5621125,,
YLRS,11,29,-15.18065049,144.34132017,-15.18535,144.35085,,
YLSM,08,26,-37.927114,143.34219503,-37.927024,143.350348,,
YLSM,15,33,-37.92639072,143.34594411,-37.931844,143.34787,,
YLST,10,28,-27.8426872,120.6951973,-27.84559455,120.71314773,,
YLSY,02,20,-27.03926526,129.89787757,-27.02833242,129.90385408,,
YLTN,07,25,-28.6167238,122.42109328,-28.61109299,122.43834052,,
YLTN,16,34,-28.60634691,122.42271584,-28.61400538,122.42630968,,
YLTV,03,21,-38.21551942,146.46506716,-38.20649186,146.47658453,,
YLTV,03L,21R,-38.20993358,146.47019202,-38.20653007,146.47455129,,
YLTV,09,27,-38.20510205,146.46539929,-38.20613109,146.47580921,,
YLUC,13,31,-22.46595879,136.2721238,-22.47286326,136.2796969,,
YLUI,09,27,-36.97213553,140.34745223,-36.97176405,140.35955605,,
YLUL,12,30,-31.64355989,140.51288636,-31.64668378,140.5179724,,
YLUL,17,35,-31.63854786,140.51196953,-31.64951132,140.51391517,,
YLUL,8,26,-31.64825272,140.50823299,-31.64772747,140.51744573,,
YLUW,16,34,-34.01610758,115.0619554,-34.02598444,115.06720225,,
YLVD,17,35,-31.72828874,135.02795732,-31.7384796,135.02926117,,
YLVD,3,21,-31.73501465,135.02700525,-31.72845053,135.0324145,,
YLVD,8,26,-31.73266831,135.02840656,-31.73187402,135.03869648,,
YLVY,15,33,-32.71312822,119.50303068,-32.72194093,119.50699286,,
YLWY,13,31,-26.94268915,120.47134503,-26.94961821,120.4792862,,
YLWY,3,21,-26.94821828,120.46896053,-26.93913291,120.47592155,,
YLYD,06,24,-26.82926982,151.22538816,-26.82433913,151.23737908,,
YLYN,10,28,-23.64070691,115.23282522,-23.64417859,115.2457409,,
YLYN,16,34,-23.63741924,115.23430931,-23.64861675,115.23734289,,
YLZI,12,30,-14.66995091,145.45106381,-14.67557457,145.45690495,,
YMAA,15,33,-9.94840953,142.19434915,-9.95214152,142.19623579,,
YMAC,2,20,-27.2668128,135.63555595,-27.25803957,135.6398011,,
YMAD,1,19,-31.88803649,127.02185153,-31.8770015,127.02508688,,
YMAD,15,33,-31.88439895,127.02339421,-31.89185906,127.0281945,,
YMAD,8,26,-31.88792902,127.01948401,-31.88776121,127.03146684,,
YMAE,14,32,-9.91283787,144.05321386,-9.91682914,144.05586776,,
YMAG,08,26,-35.04658598,142.85992084,-35.04660793,142.87389037,,
YMAG,15,33,-35.04510885,142.86089785,-35.05357717,142.86531458,,
YMAI,10,28,-28.98547714,134.38302754,-28.98747298,134.39541056,,
YMAI,17,35,-28.98468071,134.39103368,-28.99397204,134.39246042,,
YMAK,03,21,-28.93013163,134.3276857,-28.92126697,134.33308992,,
YMAK,7,25,-28.92956808,134.32643346,-28.92750462,134.33390185,,
YMAP,9,27,-12.25463676,135.43965984,-12.25577176,135.44863086,,
YMAU,10,28,-24.29442107,116.89121729,-24.29599608,116.90017746,,
YMAU,13,31,-24.29452899,116.89855687,-24.30440705,116.90974107,,
YMAV,18,36,-38.02723885,144.46942827,-38.05441196,144.46485004,,
YMAY,07,25,-36.06807472,146.94889185,-36.06545,146.96974167,,
YMBA,10,28,-17.06740363,145.41581899,-17.0729449,145.43209936,,
YMBD,02,20,-35.06924861,139.2234673,-35.05959655,139.22942401,,
YMBD,09,27,-35.06774145,139.2247564,-35.0683042,139.23341542,,
YMBL,09,27,-21.1636869,119.82329571,-21.16180471,119.84296071,,
YMBT,14,32,-36.72251592,147.16293547,-36.73442161,147.17084677,,
YMBU,06,24,-37.03298281,143.70880128,-37.03017081,143.71660994,,
YMBU,17,35,-37.03050419,143.70681658,-37.03980113,143.70825689,,
YMCE,16,34,-25.09013682,117.58910736,-25.10127482,117.59131561,,
YMCF,12,30,-27.34698895,151.51115776,-27.35362712,151.52055676,,
YMCK,01,19,-21.28548391,141.29725433,-21.27576007,141.29985744,,
YMCL,06,24,-21.38944054,147.3264913,-21.3847207,147.33666213,,
YMCO,07,25,-37.60132433,149.71395562,-37.60036153,149.7238815,,
YMCO,18,36,-37.59423702,149.72232401,-37.60329928,149.72012763,,
YMCR,06,24,-22.10279013,137.97791302,-22.09839858,137.98737002,,
YMCR,15,33,-22.09241727,137.98221079,-22.10360446,137.98800352,,
YMCS,7,25,-20.01518146,146.47425527,-20.01111163,146.49212365,,
YMCT,08,26,-37.58348438,140.35980938,-37.58248376,140.37329254,,
YMCT,15,33,-37.57640081,140.36485313,-37.58280243,140.36944228,,
YMDA,17,35,-25.59223195,151.31874933,-25.6030647,151.31917718,,
YMDB,1,19,-20.51432053,118.05869815,-20.50453755,118.06000309,,
YMDB,7,25,-20.51754497,118.05855724,-20.51572187,118.06616206,,
YMDB,8,26,-20.5099042,118.05564665,-20.50902801,118.06182074,,
YMDG,04,22,-32.56974817,149.60205198,-32.56014771,149.61660295,,
YMDG,16,34,-32.55511817,149.61137136,-32.56469915,149.61318844,,
YMDI,11,29,-19.73586963,120.83313715,-19.739736,120.841899,,
YMDN,10,28,-31.52163485,118.3177369,-31.52313557,118.33464828,,
YMDN,17,35,-31.5200796,118.32209762,-31.52975984,118.32219276,,
YMDR,8,26,-21.99382341,115.04451033,-21.992242,115.061729,,
YMDT,17,35,-31.82133515,128.22819357,-31.83137583,128.23001245,,
YMDT,8,26,-31.82897238,128.22179555,-31.82715552,128.23606979,,
YMDV,15,33,-26.17140198,129.1284326,-26.18741544,129.13637768,,
YMDW,11,29,-16.22066045,144.69986301,-16.22437517,144.71022576,,
YMDY,12,30,-12.88704855,131.90237278,-12.89314415,131.9117384,,
YMDZ,01,19,-21.21608416,115.96608638,-21.20695982,115.9687529,,
YMDZ,08,26,-21.2113124,115.95380509,-21.20881658,115.97076554,,
YMDZ,14,32,-21.20759615,115.96090923,-21.21409505,115.967371,,
YMEB,02,20,-30.18005256,135.66891908,-30.16691877,135.67597752,,
YMEB,07,25,-30.17939204,135.66924479,-30.17696374,135.67913211,,
YMEB,10,28,-30.17871631,135.66956758,-30.18118427,135.68162605,,
YMEB,16,34,-30.17420914,135.67175235,-30.17957532,135.67347721,,
YMED,1,19,-32.37242088,142.40139836,-32.3623929,142.4061387,,
YMED,15,33,-32.36210881,142.4045294,-32.3685752,142.4076671,,
YMEI,12,30,-23.97581079,131.55883738,-23.98264383,131.57143759,,
YMEK,09,27,-26.60911313,118.53513553,-26.60736792,118.55692071,,
YMEK,15,33,-26.60935755,118.54902417,-26.61661408,118.55603752,,
YMEL,04,22,-37.62680489,144.55762619,-37.61898564,144.56920552,,
YMEL,10,28,-37.61979118,144.5590495,-37.62324006,144.56953587,,
YMEL,16,34,-37.6179694,144.56692864,-37.62370536,144.56835073,,
YMEN,08,26,-37.731383,144.89285215,-37.73079,144.91466259,,
YMEN,17,35,-37.7204041,144.90075343,-37.733948,144.90139298,,
YMEO,13,31,-36.96527226,145.70475064,-36.96963466,145.71002709,,
YMEP,1,19,-13.72814957,142.41025645,-13.718779,142.413706,,
YMER,03,21,-36.91285637,149.89652826,-36.90089184,149.90658289,,
YMES,04,22,-38.10601813,147.1385886,-38.09307904,147.16104447,,
YMES,09,27,-38.0956346,147.12830608,-38.09874685,147.15345947,,
YMEU,9,27,-13.0645529,142.4489975,-13.06526772,142.45820435,,
YMEW,17,35,-29.26339731,115.44307484,-29.27509636,115.44305845,,
YMFD,15,33,-37.06740076,146.11775624,-37.07486238,146.12111201,,
YMGB,11,29,-12.0921022,134.8873305,-12.0977285,134.89895246,,
YMGD,14,32,-12.05255226,134.23269629,-12.06434674,134.24000045,,
YMGG,18,36,-30.21844677,133.98828381,-30.23253297,133.98826746,,
YMGG,2,20,-30.23170658,133.98571307,-30.22463375,133.99002228,,
YMGG,8,26,-30.22735379,133.98662182,-30.22730278,133.99280032,,
YMGI,12,30,-28.9632628,149.04762041,-28.97065015,149.05930204,,
YMGN,10,28,-31.45968578,137.16521793,-31.46115814,137.17187444,,
YMGN,14,32,-31.45827266,137.16731452,-31.4627727,137.17129715,,
YMGN,5,23,-31.46298899,137.16780577,-31.45776309,137.17740392,,
YMGO,3,21,-27.37281033,116.41061022,-27.36464498,116.41783503,,
YMGO,9,27,-27.36558342,116.41138267,-27.36606176,116.41736166,,
YMGR,07,25,-18.62407055,126.87429474,-18.61964819,126.88540174,,
YMGS,15,33,-28.78485252,122.03560992,-28.79517577,122.04153887,,
YMGS,6,24,-28.79550441,122.03625275,-28.79311445,122.04051956,,
YMGT,02,20,-33.93535459,115.09834983,-33.92570788,115.10124253,,
YMGV,1,19,-14.7818862,143.50416204,-14.77069704,143.50527124,,
YMHB,12,30,-42.82822348,147.50102412,-42.84558628,147.5246001,,
YMHL,08,26,-32.11006859,119.75173914,-32.10875041,119.76861086,,
YMHT,2,20,-16.82843231,124.9113568,-16.81791903,124.91629751,,
YMHU,06,24,-16.44874269,136.06415669,-16.44076591,136.08605136,,
YMHW,09,27,-26.50941004,142.27713714,-26.51114074,142.28887733,,
YMHW,15,33,-26.5018429,142.28371064,-26.51039603,142.28728795,,
YMIA,18,36,-34.22584468,142.08967676,-34.23606893,142.08857175,,
YMIB,05,23,-27.33306335,133.2969786,-27.32632795,133.30844629,,
YMIG,06,24,-34.45166918,150.49118347,-34.44875109,150.5037308,,
YMIJ,06,24,-11.16266517,132.53452642,-11.15744493,132.54440832,,
YMIN,16,34,-34.7368906,137.52635376,-34.74990952,137.53149071,,
YMIP,06,24,-14.794058,125.81852953,-14.788318,125.832374,,
YMIP,16,34,-14.78226754,125.82344785,-14.79707718,125.82738888,,
YMIR,11,29,-17.32673934,141.88110536,-17.33123754,141.89094869,,
YMIR,6,24,-17.32856524,141.88061112,-17.3268495,141.88385268,,
YMIS,14,32,-26.38853831,120.97983707,-26.40078682,120.98853867,,
YMIS,9,27,-26.39537837,120.97720325,-26.39550348,120.99094594,,
YMIT,11,29,-26.48363284,147.9373159,-26.48879594,147.95045083,,
YMIV,04,22,-32.44641696,136.06666521,-32.44001093,136.07477689,,
YMIV,08,26,-32.44474619,136.06420745,-32.44401426,136.06971444,,
YMIV,17,35,-32.44055972,136.06839532,-32.44486727,136.06885149,,
YMIX,9,27,-23.90603499,114.76056783,-23.90721314,114.76900783,,
YMJE,7,25,-24.63519075,116.93877945,-24.63156746,116.95488631,,
YMJM,12,30,-34.26323558,116.13416794,-34.26771949,116.146297,,
YMKA,15,33,-14.92521872,133.13361687,-14.93157293,133.13718595,,
YMKB,11,29,-30.91728771,118.25078416,-30.92079258,118.26281255,,
YMKB,16,34,-30.91806745,118.25338407,-30.92568923,118.25616689,,
YMKT,07,25,-12.61127873,131.04789893,-12.60869322,131.05761687,,
YMLA,10,28,-20.88016723,118.03215605,-20.88147134,118.03919372,,
YMLA,16,34,-20.87206475,118.025848,-20.87782325,118.02829905,,
YMLA,6,24,-20.88307478,118.03270732,-20.88120732,118.03779766,,
YMLD,17,35,-34.38629253,137.70775355,-34.39718505,137.70777428,,
YMLK,10,28,-18.18363664,145.08988407,-18.18629967,145.10216251,,
YMLL,12,30,-19.85240209,141.5539157,-19.86175966,141.56950104,,
YMLN,11,29,-30.20034414,143.21115403,-30.20356458,143.21858283,,
YMLN,6,24,-30.2029794,143.21718209,-30.19990089,143.22539686,,
YMLR,14,32,-29.23966055,137.9070285,-29.24756345,137.9138204,,
YMLR,16,34,-29.23796237,137.90786939,-29.24987354,137.91191512,,
YMLR,3,21,-29.24972513,137.91175,-29.24001884,137.91885614,,
YMLR,7,25,-29.2438761,137.91060526,-29.24205743,137.91714533,,
YMLS,04,22,-26.81116472,150.16264233,-26.80197264,150.17490732,,
YMLT,14R,32L,-41.53705815,147.20410266,-41.55207334,147.21693283,,
YMMB,04,22,-37.97992999,145.09757737,-37.97647555,145.10233547,,
YMMB,13L,31R,-37.97215404,145.0978984,-37.98031485,145.10594914,,
YMMB,13R,31L,-37.97447662,145.09710417,-37.98206312,145.10459105,,
YMMB,17L,35R,-37.97171722,145.0993008,-37.98372591,145.10035194,,
YMMB,17R,35L,-37.97198821,145.09689079,-37.98313394,145.09786035,,
YMMI,03,21,-28.71239741,121.88434878,-28.69766199,121.89612544,,
YMML,09,27,-37.66073831,144.82226154,-37.66225205,144.84809438,,
YMML,16,34,-37.65317393,144.83492632,-37.68576835,144.84103577,,
YMMN,13,31,-27.85537247,151.26820567,-27.86443067,151.27582748,,
YMMO,16,34,-36.07153427,144.76416326,-36.0798407,144.76512026,,
YMMT,1,19,-26.91267129,143.31913127,-26.9013443,143.32265387,,
YMMU,11,29,-22.79804172,148.69899872,-22.80375156,148.71280643,,
YMNA,17,35,-22.2692122,132.20975259,-22.27926025,132.21167325,,
YMNB,11,29,-28.23290234,134.96870083,-28.2378234,134.979904,,
YMNB,17,35,-28.23227339,134.97543535,-28.23922112,134.97661356,,
YMND,05,23,-32.70361013,151.48865466,-32.69754487,151.49957989,,
YMND,08,26,-32.70106024,151.48841241,-32.70156035,151.49915981,,
YMND,18,36,-32.69675804,151.49305191,-32.70047064,151.49202781,,
YMNE,11,29,-27.28369037,120.54577785,-27.29028702,120.56237367,,
YMNF,03,21,-26.44774825,116.54107299,-26.44050422,116.54687167,,
YMNF,11,29,-26.44300577,116.54194196,-26.44567527,116.5486196,,
YMNG,05,23,-36.89347633,145.17296791,-36.88275862,145.19140402,,
YMNG,18,36,-36.88278923,145.19001385,-36.8957635,145.18742073,,
YMNK,15,33,-24.80957313,140.53807154,-24.82505181,140.54706667,,
YMNK,18L,36R,-24.81576754,140.55493167,-24.82282257,140.55464801,,
YMNK,18R,36L,-24.81397504,140.55334162,-24.82370108,140.55287186,,
YMNN,13,31,-22.13400169,132.06627123,-22.14112209,132.0737122,,
YMNO,5,23,-23.37189854,143.89047273,-23.36723864,143.89808149,,
YMNP,01,19,-29.59838441,139.04971531,-29.59014612,139.05260465,,
YMNP,10,28,-29.59119742,139.05002452,-29.59272594,139.05747798,,
YMNS,13,31,-22.57948283,135.02655579,-22.590263,135.036408,,
YMNT,09,27,-17.3918179,126.22094525,-17.39291474,126.23132308,,
YMNX,03,21,-28.91663414,121.79614399,-28.90976596,121.80104113,,
YMNY,11,29,-25.35547321,141.42651908,-25.36185783,141.44110858,,
YMOE,1,19,-31.97475675,135.87301395,-31.96541755,135.87586161,,
YMOE,9,27,-31.9652346,135.87330666,-31.96624291,135.88339106,,
YMOG,04,22,-28.11774494,117.83508715,-28.11116499,117.84041572,,
YMOG,16,34,-28.10773502,117.83699713,-28.12266365,117.84419917,,
YMOM,05,23,-35.06359417,144.01283036,-35.05758185,144.02320042,,
YMOO,05,23,-25.24381721,140.97565626,-25.23914594,140.98691544,,
YMOO,14,32,-25.23739331,140.98539551,-25.24492658,140.99054329,,
YMOR,01,19,-29.50632213,149.84304863,-29.49240371,149.84797995,,
YMOR,5,23,-29.50082069,149.83657998,-29.4961786,149.84512193,,
YMOT,14,32,-12.43951788,142.63469064,-12.44808054,142.64187793,,
YMOU,16,34,-24.60337463,149.99322638,-24.61666429,149.99595042,,
YMPA,17,35,-32.8321865,135.14402998,-32.84551757,135.14530459,,
YMPC,04,22,-37.93638969,144.74647893,-37.92954431,144.75609046,,
YMPC,08,26,-37.93433784,144.74745154,-37.93442767,144.75961412,,
YMPC,17,35,-37.9241852,144.75339452,-37.9364819,144.75467362,,
YMPE,17,35,-20.51983237,146.78882704,-20.52877659,146.78987804,,
YMPK,11,29,-23.3552901,132.99671708,-23.35958584,133.00762397,,
YMQA,08,26,-22.80753623,137.24790402,-22.8068616,137.25638839,,
YMQA,12,30,-22.80343562,137.24724753,-22.80877475,137.25563715,,
YMRA,17,35,-30.15187246,131.6250362,-30.17109346,131.62512821,,
YMRB,16,34,-22.0513436,148.07526336,-22.06495837,148.07747977,,
YMRE,04,22,-29.66763742,138.06125948,-29.65875227,138.07070821,,
YMRS,8,26,-27.93081954,121.300694,-27.930144,121.310293,,
YMRT,09,27,-17.70543538,145.1430624,-17.70651041,145.15463393,,
YMRW,09,27,-29.20257996,116.01975088,-29.20244781,116.02978736,,
YMRW,15,33,-29.19716734,116.01827915,-29.20757357,116.02546246,,
YMRY,04,22,-35.90376565,150.1398927,-35.8995964,150.14751767,,
YMRY,18,36,-35.88883927,150.14830774,-35.90228116,150.14484341,,
YMSF,12,30,-16.97321183,130.55151032,-16.97905617,130.55992394,,
YMSP,4,22,-18.1354104,144.2836992,-18.12873147,144.29135004,,
YMSS,13,31,-26.88478359,115.95469317,-26.893879,115.965117,,
YMSS,4,22,-26.88686543,115.95463159,-26.88174678,115.960091,,
YMST,11,29,-21.6208965,117.07470161,-21.62645196,117.08640594,,
YMST,5,23,-21.62647027,117.07594478,-21.62077844,117.08607459,,
YMTA,11,29,-18.80853649,137.07975489,-18.81184564,137.08694694,,
YMTA,17,35,-18.80064442,137.0806775,-18.8091878,137.08154945,,
YMTB,04,22,-22.58981491,144.52010293,-22.58363648,144.52821636,,
YMTC,1,19,-28.83355273,134.35111634,-28.8216912,134.35288564,,
YMTC,12,30,-28.81989572,134.34845026,-28.82550541,134.35709067,,
YMTC,6,24,-28.82820807,134.34887263,-28.82452845,134.35761425,,
YMTG,06,24,-37.7494664,140.77966188,-37.74609717,140.78829474,,
YMTG,11,29,-37.74596383,140.77954868,-37.75023005,140.78854534,,
YMTG,18,36,-37.74032091,140.78970267,-37.75504829,140.7878263,,
YMTI,09,27,-16.66050761,139.16300367,-16.66250637,139.17708139,,
YMTJ,1,19,-16.6490684,131.75766826,-16.64138426,131.75845178,,
YMTO,16,34,-24.88648385,151.10042795,-24.8980463,151.103135,,
YMTW,11,29,-31.47142964,139.10425048,-31.47383825,139.11130185,,
YMTW,15,33,-31.46575253,139.10710752,-31.47544833,139.11194688,,
YMTX,15,33,-26.051079,135.24240615,-26.064946,135.248798,,
YMTZ,4,22,-16.40613712,126.1100181,-16.39417082,126.12236986,,
YMUA,02,20,-24.88490466,151.9125169,-24.87847816,151.9163217,,
YMUC,08,26,-20.65941183,120.06097091,-20.65801017,120.071103,,
YMUE,10,28,-12.09614851,132.88358305,-12.0992726,132.89341812,,
YMUG,17,35,-28.00263969,138.65575794,-28.01404841,138.65777256,,
YMUJ,12,30,-22.36143557,118.67628742,-22.367435,118.68739,,
YMUK,12,30,-28.34453508,138.64512627,-28.35081754,138.65397942,,
YMUL,05,23,-32.50897339,115.83191968,-32.50172661,115.84061975,,
YMUL,09,27,-32.50952217,115.83003928,-32.50953127,115.83967073,,
YMUP,07,25,-25.86123696,131.64513964,-25.85894299,131.65470028,,
YMUR,18,36,-28.32782537,153.41420819,-28.33727209,153.41080947,,
YMUS,11,29,-24.40853524,147.24124069,-24.41299896,147.25100829,,
YMUX,17,35,-26.35608871,117.33721987,-26.37477287,117.33783459,,
YMUX,9,27,-26.36087135,117.33736404,-26.36118453,117.36938475,,
YMVH,04,22,-31.46996017,119.52585908,-31.46101486,119.53617946,,
YMVM,01,19,-33.29041863,151.21086735,-33.28042381,151.21458944,,
YMVN,5,23,-26.4017857,147.11969501,-26.39337649,147.13400415,,
YMVY,8,26,-14.08398382,133.80947151,-14.08277757,133.8193931,,
YMWA,05,23,-28.47820986,115.51229399,-28.46981832,115.52244914,,
YMWE,16,34,-22.73566077,132.15332725,-22.7433886,132.15702813,,
YMWO,15,33,-31.71281262,136.42646503,-31.72087276,136.43018413,,
YMWO,6,24,-31.72022778,136.41992709,-31.7165857,136.43156872,,
YMWT,09,27,-29.90669658,139.76004792,-29.90669173,139.77072769,,
YMWT,1,19,-29.91201326,139.76332707,-29.90420611,139.76495573,,
YMWT,15,33,-29.90426612,139.764836,-29.9119033,139.7693279,,
YMWX,13,31,-23.36122201,139.64676866,-23.36826045,139.65368542,,
YMWX,16,34,-23.35952708,139.64848701,-23.3670485,139.65060163,,
YMYB,12,30,-25.51173983,152.71168056,-25.51673514,152.71860672,,
YMYB,17,35,-25.50634899,152.71271162,-25.52057314,152.71448655,,
YMYH,14,32,-16.96077671,135.77541192,-16.97103474,135.78216879,,
YMYI,13,31,-25.09758268,119.7573568,-25.10687337,119.76913881,,
YMYR,9,27,-18.12394229,124.26544502,-18.12420141,124.27614556,,
YMYT,02,20,-28.58811634,140.30060993,-28.57705095,140.30552017,,
YMYV,12,30,-24.64539103,134.02154135,-24.65147031,134.03250758,,
YMYW,15,33,-21.04322682,134.68426727,-21.053198,134.689987,,
YMYY,6,24,-15.04941052,143.7529298,-15.04526812,143.76202864,,
YMZI,06,24,-29.68745459,121.02466898,-29.68297548,121.03333503,,
YMZI,14,32,-29.68152817,121.0243461,-29.6868978,121.02879798,,
YNAB,10,28,-12.30416336,133.30402102,-12.30737095,133.31882979,,
YNAP,14,32,-27.54416986,141.15491642,-27.55353923,141.16144307,,
YNAR,05,23,-34.70370101928711,146.50900268554688,-34.69871024,146.51709085,,
YNAR,14,32,-34.69334274,146.50549992,-34.705061,146.51586428,,
YNAU,17,35,-34.02597186,115.73655844,-34.03792057,115.73733678,,
YNAU,9,27,-34.03017884,115.730885,-34.0303319,115.73660552,,
YNBR,09,27,-30.31381656,149.82893868,-30.31450613,149.83723438,,
YNBR,18,36,-30.31413227,149.82763048,-30.32963228,149.82347434,,
YNCD,14,32,-27.8066871,142.5924525,-27.81148312,142.59664328,,
YNCD,5,23,-27.81393944,142.58749815,-27.80512605,142.60057482,,
YNCS,12,30,-25.67602013,134.83322201,-25.681805,134.841076,,
YNCW,10,28,-17.37479267,133.39860725,-17.37807287,133.40818552,,
YNDG,14,32,-33.10116903,119.01552551,-33.11134241,119.02435198,,
YNDG,6,24,-33.10630518,119.01331124,-33.1020933,119.0231679,,
YNDR,01,19,-31.7997387,132.21649914,-31.79058668,132.21910018,,
YNDS,9,27,-21.08974163,146.14629853,-21.0912839,146.1570385,,
YNES,13,31,-17.2924106,129.26862,-17.3021594,129.27840626,,
YNES,7,25,-17.29708228,129.26383147,-17.29534615,129.27155046,,
YNGB,18,36,-36.73149833,145.12973175,-36.74007248,145.12353229,,
YNGU,11,29,-14.72053222,134.74129777,-14.72627093,134.75421604,,
YNHL,09,27,-36.30976346,141.64157935,-36.31172061,141.65244123,,
YNHL,18,36,-36.30697857,141.64383581,-36.31689506,141.64229741,,
YNHP,06,24,-28.34427682,114.71190808,-28.33992048,114.72188348,,
YNHV,13,31,-22.72559219,131.14473088,-22.73220871,131.15158852,,
YNIC,12,30,-18.04717943,128.89888472,-18.05794724,128.91287443,,
YNIC,8,26,-18.04594934,128.8990184,-18.04473649,128.90943994,,
YNIG,01,19,-32.52807479,136.49304481,-32.52185931,136.49464805,,
YNIG,08,26,-32.52807526,136.49282806,-32.52739488,136.4977131,,
YNIG,14,32,-32.52376175,136.49313998,-32.52955948,136.49822635,,
YNIG,17,35,-32.52179029,136.49387728,-32.5311873,136.49571436,,
YNKA,16,34,-18.48480715,124.84868958,-18.498345,124.853128,,
YNMN,17,35,-19.19631296,145.77266576,-19.20541774,145.773082,,
YNNG,01,19,-38.06715098,145.57562051,-38.06278447,145.57643256,,
YNNG,10,28,-38.06671728,145.57351346,-38.06912723,145.58174894,,
YNOC,14,32,-27.70040764,142.69619342,-27.705816,142.70087676,,
YNOC,5,23,-27.70561452,142.6911754,-27.69972791,142.70000271,,
YNOC,9,27,-27.71959095,142.70325999,-27.71988177,142.71276105,,
YNOF,17,35,-19.3181585,138.33334732,-19.32495143,138.334727,,
YNOO,1,19,-28.04990555,143.55792044,-28.04246332,143.55885351,,
YNOO,7,25,-28.0426004,143.55802401,-28.04171156,143.56294242,,
YNPA,16,34,-28.4812637,135.91211035,-28.49485214,135.91580178,,
YNPA,3,21,-28.48650313,135.91167152,-28.48170592,135.91495878,,
YNPB,12,30,-22.52824922,132.75888269,-22.53404612,132.76720207,,
YNPD,11,29,-17.31631689,124.81564597,-17.32105281,124.82588968,,
YNPE,13,31,-10.9383851,142.44786109,-10.9505695,142.4592249,,
YNPU,5,23,-30.6007428,138.89456981,-30.5960373,138.90336757,,
YNRB,08,26,-32.10966535,118.39748252,-32.10722201,118.4082478,,
YNRC,02,20,-36.98999344,140.72302887,-36.97933617,140.72985614,,
YNRC,08,26,-36.98087694,140.71729102,-36.97991343,140.72895851,,
YNRG,10,28,-32.92607999,117.06824326,-32.92743628,117.08163587,,
YNRG,18,36,-32.92744409,117.08302915,-32.94115999,117.0843447,,
YNRL,12,30,-28.54981411,141.91949464,-28.55294219,141.92556022,,
YNRL,2,20,-28.5567674,141.91634243,-28.54886691,141.91990497,,
YNRR,07,25,-22.6447869,130.5659043,-22.64250152,130.57832208,,
YNRV,06,24,-33.80180379,120.2004758,-33.79398787,120.21599964,,
YNRV,14,32,-33.79334506,120.20682751,-33.80150425,120.21542893,,
YNSH,11,29,-26.42089281,153.06104976,-26.42528059,153.06885439,,
YNSM,01,19,-32.20977189,121.75738649,-32.19702884,121.75885782,,
YNTM,14,32,-31.62302338,116.68133453,-31.63080597,116.6908444,,
YNTN,14,32,-17.68082862,141.06749629,-17.69345678,141.07620964,,
YNUB,10,28,-31.44062438,130.89954242,-31.44333955,130.91005003,,
YNUB,4,22,-31.44499478,130.89887977,-31.44132925,130.902585,,
YNUD,9,27,-22.4202705,117.35587838,-22.42120833,117.36382494,,
YNUE,15,33,-23.99250729,135.4186681,-24.004105,135.425226,,
YNUJ,11,29,-17.96828444,137.96342534,-17.9718054,137.97248094,,
YNUL,14,32,-21.90570334,120.19383697,-21.91620765,120.20206812,,
YNUM,15,33,-14.26442425,135.71163791,-14.27467393,135.71785589,,
YNUT,16,34,-15.80319627,134.14477361,-15.81176459,134.14715217,,
YNVE,06,24,-36.92217186,143.0875117,-36.91960409,143.0948043,,
YNWL,14,32,-30.8377117,135.29671596,-30.84705591,135.30314654,,
YNWL,17,35,-30.8367876,135.29670163,-30.84762744,135.29720713,,
YNWL,4,22,-30.84082142,135.2956309,-30.83641769,135.30159585,,
YNWN,05,23,-23.42374769,119.79468534,-23.41324691,119.8114263,,
YNWT,07,25,-23.22991058,132.62380788,-23.22753639,132.63522584,,
YNWT,10,28,-23.22732415,132.62463528,-23.22823271,132.63190013,,
YNWT,13,31,-23.22745173,132.62566691,-23.22942703,132.62798757,,
YNWT,16,34,-23.22253524,132.62467124,-23.22939156,132.62646521,,
YNYG,1,19,-23.040836,115.0504915,-23.035548,115.050634,,
YNYM,07,25,-32.05457822,146.30852002,-32.05319196,146.31675779,,
YNYM,14,32,-32.04998087,146.30943233,-32.05817571,146.31524887,,
YNYN,05,23,-31.55439679,147.1955586,-31.54683666,147.21043483,,
YNYN,18,36,-31.54459405,147.20085615,-31.55388717,147.1982381,,
YNYP,15,33,-26.18377007,130.18596258,-26.19114731,130.19787944,,
YOAD,14,32,-25.36906045,135.42068857,-25.383233,135.43007645,,
YOAP,6,24,-16.44778443,123.06317946,-16.44303202,123.07328967,,
YOAS,09,27,-34.08572718,150.55610705,-34.08612417,150.56042714,,
YOAS,18,36,-34.07999199,150.56059955,-34.08786266,150.55880666,,
YOAS,18L,36R,-34.07999494,150.56141328,-34.08722686,150.55977934,,
YOAY,15,33,-23.05048612,148.49343687,-23.06335959,148.49802881,,
YOBR,01,19,-31.96871949,152.59119555,-31.96266836,152.59155937,,
YODA,09,27,-30.45636206,131.81676705,-30.45770483,131.82955794,,
YODL,08,26,-25.36653714,142.64323346,-25.36532392,142.65179775,,
YODL,16,34,-25.35653243,142.64367556,-25.36654471,142.64673794,,
YOEN,12,30,-12.32252718,133.00151054,-12.32827023,133.01215072,,
YOIT,7,25,-22.06417476,144.13363556,-22.06102397,144.14541594,,
YOKE,11,29,-22.29665655,145.97779895,-22.30079068,145.98849189,,
YOKV,16,34,-29.5010561,130.86725447,-29.51145367,130.87086606,,
YOLA,09,27,-38.28534436,143.6706232,-38.28653558,143.68059793,,
YOLA,18,36,-38.28433718,143.68123585,-38.29001168,143.68009599,,
YOLD,07,25,-30.48686131,136.86688086,-30.48125979,136.88513501,,
YOLW,03,21,-21.67882106,115.10965668,-21.66388634,115.11868985,,
YOLY,16,34,-31.00773245,147.70954707,-31.01856984,147.71240835,,
YOOD,04,22,-27.55907326,135.44178339,-27.55415054,135.44794342,,
YOOD,13,31,-27.55837353,135.43889113,-27.56711037,135.44755657,,
YOOK,09,27,-30.61775179,130.39529588,-30.61879923,130.41010023,,
YOOK,17,35,-30.61746578,130.40603158,-30.62969071,130.40645817,,
YOOM,12,30,-28.09424192,140.1906182,-28.10352749,140.20461101,,
YOOO,12,30,-16.32934481,131.4957878,-16.33608166,131.50552976,,
YORA,13,31,-31.69039084,126.58914471,-31.69344203,126.59263901,,
YORA,3,21,-31.69384669,126.58827337,-31.68772705,126.59399775,,
YORB,07,25,-37.79019338,148.6051428,-37.78892752,148.6179664,,
YORC,13,31,-24.95709034,153.31258363,-24.96121871,153.31725233,,
YORG,04,22,-33.37843428,149.12100947,-33.37316269,149.1292403,,
YORG,11,29,-33.37469745,149.11908717,-33.38627372,149.13842258,,
YORL,13,31,-33.7876348,122.94071556,-33.79846,122.953917,,
YORR,14,32,-32.78543171,138.66822859,-32.79636889,138.67581296,,
YORT,13,31,-21.90335648,136.07222738,-21.91067738,136.07899051,,
YORV,1,19,-17.34689838,128.91509503,-17.33476726,128.91692328,,
YORV,9,27,-17.3438695,128.90737349,-17.344559,128.915903,,
YORW,05,23,-29.20081229,121.4340935,-29.19478737,121.4459855,,
YOSB,12,30,-22.07567004,140.54999854,-22.08772642,140.56444841,,
YOTN,13,31,-17.43945833,144.64362561,-17.44722533,144.65042743,,
YOUN,10,28,-28.61332163,118.84329793,-28.61627304,118.85533948,,
YPAC,02,20,-25.24410579,152.54108663,-25.23649869,152.54548515,,
YPAD,05,23,-34.95852954,138.51719496,-34.940619,138.543264,,
YPAD,12,30,-34.94116351,138.52191652,-34.94939012,138.537007,,
YPAG,15,33,-32.49810151,137.7113524,-32.51201435,137.71757302,,
YPAM,14,32,-18.75106576,146.57810964,-18.75919944,146.58460396,,
YPAY,13,31,-23.23731148,131.90308766,-23.24498021,131.91135824,,
YPBH,09,27,-38.60674021,142.8975269,-38.60762916,142.91269154,,
YPBO,06,24,-23.17543716,117.73746143,-23.16736088,117.75637937,,
YPCC,15,33,-12.18182054,96.82794538,-12.20077322,96.83944171,,
YPCE,06,24,-33.37538928,142.58138909,-33.37115331,142.59150076,,
YPCH,17,35,-35.36493684,142.19391713,-35.37320841,142.19393129,,
YPCM,16,34,-11.75631636,130.87866462,-11.76782746,130.88285891,,
YPCS,10,28,-28.196138,120.4291345,-28.19742104,120.43639048,,
YPCS,17,35,-28.18957752,120.43499191,-28.19732743,120.43586427,,
YPCS,7,25,-28.19256852,120.43324114,-28.19085729,120.43891233,,
YPDI,15,33,-26.11701367,139.40116357,-26.12755836,139.40598504,,
YPDN,11,29,-12.40940903,130.86526407,-12.41923198,130.89443875,,
YPDN,18,36,-12.40883998,130.87065781,-12.42261955,130.87070062,,
YPDO,11,29,-20.11652934,119.56617076,-20.12241896,119.57798729,,
YPDY,16,34,-36.6068778,140.50068912,-36.61480106,140.50366738,,
YPEA,05,23,-31.67232362,116.00868739,-31.66148255,116.02124147,,
YPEA,18L,36R,-31.66241028,116.01371111,-31.68427267,116.01661875,,
YPEA,18R,36L,-31.66878304,116.01333378,-31.68439283,116.01540852,,
YPED,18,36,-34.69193831,138.61803377,-34.71836915,138.61323507,,
YPEF,15,33,-37.50705241,144.69831687,-37.51442286,144.70162363,,
YPEF,18,36,-37.50243792,144.70327018,-37.51582861,144.69913638,,
YPGH,17,35,-16.80182203,131.21850072,-16.81388404,131.21915289,,
YPGV,13,31,-12.2628373,136.80978348,-12.27564028,136.82534608,,
YPHU,6,24,-11.69252568,130.19417222,-11.68875863,130.20312036,,
YPID,04,22,-38.5280775,145.32189478,-38.521212,145.332842,,
YPID,18,36,-38.52236963,145.32333226,-38.52770504,145.32253319,,
YPIN,5,23,-15.69339294,143.56085943,-15.68804895,143.56910713,,
YPIR,03,21,-33.24097035,137.997955,-33.236493,138.002775,,
YPIR,08,26,-33.23807778,137.99117937,-33.23809413,138.00237584,,
YPIR,17,35,-33.23499682,137.99140258,-33.24482771,137.9913145,,
YPIX,13,31,-27.18145391,116.2764185,-27.19177715,116.28675324,,
YPIX,17,35,-27.18105109,116.28290721,-27.19604424,116.28291961,,
YPIX,5,23,-27.19064604,116.27869812,-27.18608359,116.28668079,,
YPJI,09,27,-29.42280248,116.27416103,-29.42281842,116.28913195,,
YPJI,14,32,-29.42275979,116.28058828,-29.42954703,116.28649031,,
YPJT,06L,24R,-32.10060573,115.87358799,-32.09329379,115.88558338,,
YPJT,06R,24L,-32.10089427,115.87692625,-32.09484885,115.88685975,,
YPJT,12,30,-32.09993381,115.87242364,-32.10557005,115.88705072,,
YPKA,08,26,-20.71403019,116.76469063,-20.71173733,116.78645314,,
YPKE,04,22,-28.24458253,135.88897776,-28.23711436,135.89813555,,
YPKG,11,29,-30.78828948,121.45461356,-30.79459225,121.47419086,,
YPKG,18,36,-30.78143545,121.46210835,-30.79218841,121.46091978,,
YPKH,18,36,-32.72741486,148.21106275,-32.73517049,148.21086802,,
YPKI,14,32,-30.39774788,136.39186549,-30.40200951,136.39540508,,
YPKI,4,22,-30.40131599,136.3924048,-30.39520408,136.39852994,,
YPKL,03,21,-37.00040274,145.06149387,-36.99527361,145.06721784,,
YPKS,04,22,-33.13722835,148.23056765,-33.12852391,148.24531636,,
YPKS,11,29,-33.12480696,148.23028455,-33.13315706,148.24458009,,
YPKT,16,34,-14.24367686,129.52735565,-14.25571301,129.53164856,,
YPKU,12,30,-15.77383318,128.70169249,-15.78200879,128.71651253,,
YPLC,01,19,-34.61258752,135.87665233,-34.59964639,135.88131264,,
YPLC,05,23,-34.60734131,135.87498627,-34.60118862,135.88671979,,
YPLC,15,33,-34.59904003,135.87521981,-34.61084345,135.88220479,,
YPLG,17,35,-30.36191654,148.9051979,-30.37116187,148.90563415,,
YPLL,7,25,-25.61319722,118.68867642,-25.60930865,118.70478155,,
YPLM,18,36,-22.21973105,114.09107072,-22.24743098,114.0890359,,
YPLU,07,25,-25.32080969,119.41410394,-25.31323238,119.43288697,,
YPMB,10,28,-32.05054267,139.86676005,-32.05237636,139.87587911,,
YPMB,15,33,-32.04603707,139.86950442,-32.05564307,139.87434599,,
YPMH,18,36,-29.70614528,135.52635863,-29.7257184,135.52247285,,
YPMP,14,32,-14.89104285,141.60610638,-14.90175711,141.61232804,,
YPMQ,03,21,-31.44294047,152.857222,-31.42883947,152.866578,,
YPNC,11,29,-13.82381541,131.84241423,-13.82764852,131.84933209,,
YPNG,01,19,-31.92601441,133.00153182,-31.92063739,133.00156999,,
YPNG,05,23,-31.92451653,132.99728474,-31.92011877,133.00595694,,
YPNG,13,31,-31.92071163,132.99926115,-31.92711203,133.00591125,,
YPNI,1,19,-26.5307095,122.811031,-26.5178605,122.81168996,,
YPNN,18,36,-35.25196187,140.94477792,-35.26411837,140.9448117,,
YPNW,11,29,-21.62647887,116.31372249,-21.63094645,116.32604913,,
YPOD,08,26,-38.31951111,141.46274356,-38.31885325,141.48120896,,
YPOD,17,35,-38.31367207,141.46619167,-38.32432237,141.46677486,,
YPOK,18,36,-36.71397865,146.89135555,-36.72168112,146.88917719,,
YPOP,06,24,-29.77903105,122.26206632,-29.77254191,122.27647572,,
YPPD,14,32,-20.37410042,118.62161972,-20.39072753,118.63782097,,
YPPD,18,36,-20.37028198,118.62931948,-20.37928764,118.6289177,,
YPPF,03L,21R,-34.80376006,138.63063363,-34.79305449,138.63760118,,
YPPF,03R,21L,-34.8021489,138.63432592,-34.79199441,138.64093658,,
YPPF,08L,26R,-34.79353602,138.62474868,-34.79274684,138.63519383,,
YPPF,08R,26L,-34.79556929,138.62330749,-34.79475335,138.63410937,,
YPPH,03,21,-31.95871899,115.95969664,-31.92859208,115.96847045,,
YPPH,06,24,-31.94096836,115.95922585,-31.93089368,115.9787987,,
YPSH,5,23,-35.75809425,137.95890174,-35.75247987,137.96999064,,
YPTB,17,35,-32.99690381,138.84888298,-33.01152562,138.848603,,
YPTJ,14,32,-24.61296648,126.32301864,-24.62400603,126.33052732,,
YPTN,14,32,-14.512195,132.368844,-14.530875,132.385566,,
YPUA,18,36,-14.33349298,129.86460224,-14.34583331,129.8636177,,
YPUG,08,26,-16.72149219,137.41632533,-16.722529,137.432132,,
YPUN,13,31,-22.05193807,123.14766907,-22.0610778,123.15612013,,
YPVD,1,19,-26.68023702,142.58056228,-26.6769762,142.58135713,,
YPVD,11,29,-26.67626395,142.57799838,-26.6795313,142.58750223,,
YPVD,3,21,-26.67900071,142.57641339,-26.67630646,142.5781682,,
YPWH,02,20,-27.73729593,151.62997547,-27.7301865,151.6346785,,
YPWR,12,30,-31.13675756,136.81503457,-31.14511885,136.82895983,,
YPWR,18,36,-31.1350723,136.81387121,-31.156375,136.81134,,
YPXM,18,36,-10.44076868,105.69025768,-10.45969221,105.69179915,,
YPYD,18,36,-36.055911,144.126789,-36.06755684,144.12675376,,
YPYF,17,35,-29.25660681,117.67548692,-29.26788131,117.67572152,,
YQDG,05,23,-32.00895809,117.41107619,-32.00159376,117.42293318,,
YQDI,06,24,-31.50150636,150.5132135,-31.49737069,150.52380282,,
YQDI,14,32,-31.49086109,150.51440648,-31.50303244,150.52650779,,
YQLP,09,27,-26.60885068,144.25000354,-26.60984221,144.2649794,,
YQLP,18,36,-26.60154393,144.25587628,-26.61092314,144.25316728,,
YQNS,09,27,-42.0744162,145.52266354,-42.07706502,145.53734703,,
YQRN,18,36,-32.32009347,138.10503969,-32.33006736,138.10608685,,
YQUE,01,19,-30.32764418,143.16462017,-30.3194859,143.16572821,,
YQUE,09,27,-30.32251161,143.15868291,-30.32376222,143.1686079,,
YRAM,06,24,-26.13570878,143.01828433,-26.13201265,143.02706553,,
YRAM,15,33,-26.12963739,143.0240181,-26.13635336,143.02798678,,
YRAT,01,19,-28.72195558,113.78395757,-28.7170902,113.78416003,,
YRAV,11,29,-33.52931977,119.94284227,-33.53304136,119.95358578,,
YRAW,09,27,-31.01292793,125.31983535,-31.01299318,125.33487732,,
YRBB,16,34,-25.84773459,153.06794127,-25.85600203,153.07060808,,
YRBE,02,20,-37.17676348,139.80396469,-37.17278113,139.80720915,,
YRBE,14,32,-37.17257803,139.80318641,-37.17752485,139.80711879,,
YRBM,11,29,-17.18832803,137.76229503,-17.19238068,137.77104306,,
YRBN,06,24,-34.64592893,150.63997109,-34.64381543,150.64484616,,
YRBR,13,31,-16.71295004,136.94037713,-16.72146196,136.94856397,,
YRBT,12,30,-20.18640402,130.00655091,-20.19406762,130.01857126,,
YRDM,08,26,-21.97804825,119.00964952,-21.97592648,119.02385481,,
YRDS,16,34,-20.57434285,143.30022736,-20.58100269,143.30201533,,
YRDS,9,27,-20.57703842,143.29380466,-20.57734895,143.3010252,,
YRDY,1,19,-27.12832459,118.27851442,-27.11813937,118.28066771,,
YRDY,10L,28R,-27.12182872,118.27874022,-27.12284595,118.28493206,,
YRDY,10R,28L,-27.12460886,118.27489211,-27.12761686,118.29191423,,
YRED,07,25,-27.20647007,153.06447886,-27.20469543,153.07285459,,
YREN,07,25,-34.20037161,140.65951966,-34.19609634,140.67761761,,
YREN,12,30,-34.19416216,140.67217815,-34.20112344,140.68235551,,
YREN,18,36,-34.196334,140.67866417,-34.20551221,140.67766595,,
YRHL,6,24,-21.97163893,116.05778863,-21.96759293,116.06667073,,
YRID,01,19,-37.4819751,144.71794937,-37.4753887,144.72114528,,
YRID,02,20,-37.48094052,144.71939058,-37.47454642,144.72423787,,
YRID,06,24,-37.48105479,144.71952483,-37.47981898,144.72460274,,
YRID,16,34,-37.47685793,144.72266017,-37.48034167,144.72395066,,
YRKE,01,19,-37.92143673,143.73008959,-37.9165776,143.7308699,,
YRKS,16,34,-19.86541051,138.10364935,-19.87529356,138.10572441,,
YRLE,10,28,-22.88205,117.4397047,-22.88392276,117.44859081,,
YRLH,12,30,-19.02769084,138.73377286,-19.03272935,138.74089323,,
YRLL,14,32,-24.45547087,148.62399217,-24.46442201,148.62972931,,
YRLO,01,19,-35.03994412,139.18560665,-35.03098101,139.18938489,,
YRLO,12,30,-35.03490441,139.18358901,-35.0397224,139.19140634,,
YRMD,09,27,-20.70014667,143.1065037,-20.7022221,143.1209522,,
YRNG,09,27,-12.35680615,134.88586482,-12.35732939,134.89853941,,
YRNW,1,19,-23.82437083,134.97107909,-23.81630895,134.97107909,,
YRNW,6,24,-23.8286177,134.95940489,-23.82403367,134.97198789,,
YROB,16,34,-18.84361826,143.70945856,-18.85477483,143.71301661,,
YROB,6,24,-18.84750797,143.7058977,-18.845312,143.710417,,
YROE,01,19,-20.77163097,117.15486241,-20.75544383,117.15557285,,
YROE,08,26,-20.75819751,117.15565546,-20.75797181,117.16934705,,
YROI,01,19,-34.64680168,142.77041136,-34.63782586,142.77645886,,
YROI,12,30,-34.64239384,142.7723832,-34.64970996,142.78163411,,
YROK,14,32,-35.92265829,136.71742807,-35.93007504,136.72351333,,
YROM,09,27,-26.54410164,148.76634995,-26.54555253,148.77422662,,
YROM,18,36,-26.53765707,148.77710692,-26.55095028,148.77406865,,
YROT,11,29,-29.29203148,116.88561615,-29.29594114,116.89589183,,
YROV,11,29,-23.59592431,134.51305402,-23.60013132,134.52609063,,
YRRB,13,31,-14.73094085,134.5211624,-14.73906679,134.5302217,,
YRRG,10,28,-23.0997949,119.34996515,-23.10360406,119.36804675,,
YRRR,10,28,-12.33916762,135.99150009,-12.3419037,136.00287717,,
YRSB,11,29,-25.82334515,139.62202274,-25.82809911,139.63284902,,
YRSB,14,32,-25.82320065,139.62512682,-25.83336969,139.63418764,,
YRSK,11,29,-18.783937,128.620864,-18.788369,128.631025,,
YRSV,1,19,-27.15061373,145.90919535,-27.13963093,145.91231503,,
YRSV,13,31,-27.14859361,145.90971626,-27.15284068,145.91466535,,
YRSV,7,25,-27.14863617,145.90992268,-27.14724137,145.91496076,,
YRSY,03,21,-37.39682715,144.73290734,-37.3919135,144.73820086,,
YRSY,16,34,-37.38966976,144.73671296,-37.39593459,144.73923267,,
YRTI,09,27,-32.0062573,115.53284684,-32.00632617,115.54653349,,
YRTP,12,30,-15.64217351,141.84038971,-15.64823009,141.84896137,,
YRUD,15,33,-22.55149442,122.1448493,-22.56387607,122.15089001,,
YRUD,17,35,-22.55729812,122.14973943,-22.56382473,122.15095521,,
YRUD,7,25,-22.56007473,122.1404464,-22.55720874,122.14985646,,
YRVE,8,26,-17.90175257,130.2059023,-17.89970298,130.22115148,,
YRWA,01,19,-31.03093125,125.19453531,-31.02159432,125.19709491,,
YRWA,11,29,-31.03069898,125.19450131,-31.03488361,125.20423245,,
YRXB,01,19,-30.71086586,136.70968757,-30.70525531,136.71195235,,
YRXB,09,27,-30.70784413,136.70569277,-30.70919776,136.71769568,,
YRYH,13,31,-22.62179321,119.95574143,-22.62910692,119.96237421,,
YRYK,03,21,-31.65711915,138.60592598,-31.64916709,138.61324122,,
YSAH,8,26,-22.79534766,119.61801946,-22.79401535,119.63249827,,
YSAN,09,27,-27.98028706,119.29685572,-27.98055995,119.30873558,,
YSAN,18,36,-27.96943918,119.29712306,-27.98042803,119.29699695,,
YSAR,16,34,-27.04067909,135.24329753,-27.0502519,135.24452213,,
YSBK,11C,29C,-33.91932012,150.98313569,-33.92644188,150.99585816,,
YSBK,11L,29R,-33.92011482,150.98663127,-33.925684,150.9965564,,
YSBK,11R,29L,-33.92161667,150.98516015,-33.92683134,150.99450222,,
YSBO,17,35,-21.57395711,139.70391413,-21.58431423,139.70586199,,
YSCA,08,26,-33.20797038,141.16594493,-33.20676802,141.18062897,,
YSCA,17,35,-33.20131202,141.16566609,-33.20956691,141.16705089,,
YSCB,12,30,-35.30067044,149.18514874,-35.31036649,149.19930831,,
YSCN,06,24,-34.04061756,150.68059552,-34.03498685,150.69495421,,
YSCN,10,28,-34.04140417,150.68141641,-34.04392357,150.68932272,,
YSCO,11,29,-32.034837,150.82592567,-32.04145843,150.83853349,,
YSCR,09,27,-31.24078102,119.35266062,-31.24078062,119.36649673,,
YSCR,14,32,-31.23270786,119.35120647,-31.24210623,119.36095968,,
YSDL,12,30,-12.71329815,142.36222961,-12.72005014,142.37070747,,
YSDU,05,23,-32.22279308,148.56883712,-32.21367078,148.5834569,,
YSDU,11,29,-32.21435455,148.57343105,-32.21901235,148.58335344,,
YSDW,11,29,-37.73270457,141.13121384,-37.73402113,141.13441014,,
YSDW,2,20,-37.73585427,141.130923,-37.73253996,141.13271224,,
YSDW,6,24,-37.73416155,141.13077132,-37.73273361,141.13448991,,
YSEA,02,20,-34.56317134,139.35346627,-34.55822605,139.35585353,,
YSEA,12,30,-34.5595139,139.34948445,-34.56330409,139.35670882,,
YSEN,05,23,-32.39774885,115.86790011,-32.39204487,115.87470983,,
YSEN,09,27,-32.39765207,115.86875599,-32.3975013,115.87514843,,
YSFG,05,23,-34.34693105,139.30401118,-34.34067796,139.31598169,,
YSFG,13,31,-34.34064697,139.30371665,-34.3469369,139.31608693,,
YSFG,15,33,-34.34063055,139.30373433,-34.34685889,139.30660066,,
YSFI,09,27,-19.77128101,121.08441552,-19.77268983,121.09648637,,
YSFY,10,28,-42.98175574,147.20549284,-42.98295445,147.21326162,,
YSGD,13,31,-14.7904101,142.42635468,-14.7979621,142.43361077,,
YSGE,11,29,-28.04690347,148.58882288,-28.05386809,148.60219883,,
YSGR,08,26,-29.70966127,152.91823582,-29.70895264,152.92824496,,
YSGT,10,28,-32.59851563,151.18774148,-32.60273623,151.19728296,,
YSGW,08,26,-25.67472707,142.08301452,-25.67450308,142.09550381,,
YSHG,10,28,-20.42347757,120.13080943,-20.42608577,120.14891307,,
YSHK,18,36,-25.8888944,113.5755737,-25.90413011,113.57611483,,
YSHN,2,20,-34.74958184,116.49011852,-34.74241225,116.49353974,,
YSHR,15,33,-20.27164096,148.75224168,-20.28116503,148.75810037,,
YSHT,18,36,-36.42158026,145.39307261,-36.43307638,145.39042195,,
YSHT,9,27,-36.4294771,145.39082317,-36.43011839,145.39561176,,
YSHW,11,29,-33.99397471,150.94907626,-33.9973137,150.95507863,,
YSIA,04,22,-32.56080444,136.70629907,-32.55722686,136.71056757,,
YSIA,14,32,-32.55317538,136.70505488,-32.55800733,136.70986181,,
YSIA,16,34,-32.55287531,136.70440867,-32.56199727,136.70713116,,
YSII,12,30,-9.37624482,142.62264844,-9.380618,142.62756597,,
YSLE,01,19,-38.17128524,144.68793403,-38.16516968,144.68911877,,
YSLE,11,29,-38.16808928,144.68375204,-38.17043847,144.69200649,,
YSLG,14,32,-17.05210232,125.24121062,-17.06108908,125.24860185,,
YSLK,09,27,-35.52990719,142.8839885,-35.53130523,142.89666103,,
YSLK,17,35,-35.52506644,142.89505974,-35.53246532,142.89504187,,
YSLN,13,31,-15.89773612,143.38137572,-15.90544436,143.38927806,,
YSLV,9,27,-23.55684318,120.04314174,-23.55812628,120.05301612,,
YSMB,17,35,-33.36477989,151.29994743,-33.37068975,151.29973493,,
YSMI,06,24,-40.83859226,145.07484629,-40.83348338,145.09276438,,
YSMI,10,28,-40.83084916,145.08426389,-40.83304299,145.09109134,,
YSMP,11,29,-11.13120273,132.15446824,-11.13671729,132.16632262,,
YSMR,11,29,-17.86020855,142.55314522,-17.86434644,142.56111304,,
YSMY,12,30,-14.8785815,142.79499899,-14.88487328,142.80324226,,
YSNB,13,31,-11.41371402,130.6435999,-11.4219918,130.65380804,,
YSNF,04,22,-29.04654756,167.93320662,-29.03820649,167.94448429,,
YSNF,11,29,-29.03656839,167.92999116,-29.04566503,167.94640688,,
YSNW,03,21,-34.94883222,150.53644125,-34.93561809,150.55214289,,
YSNW,08,26,-34.94784093,150.52659935,-34.94936347,150.54944976,,
YSOL,09,27,-22.25681785,117.84076024,-22.25670499,117.86016784,,
YSOW,10,28,-14.51915349,142.03885328,-14.52111333,142.04880408,,
YSPE,08,26,-28.619928,151.97248246,-28.6202444,151.98998146,,
YSPI,01,19,-24.13020672,148.08603194,-24.12507867,148.08803607,,
YSPI,13,31,-24.12653481,148.08173525,-24.13393416,148.09048478,,
YSPK,08,26,-18.62007668,144.56759545,-18.61979291,144.57518294,,
YSPT,01,19,-27.92545552,153.36956066,-27.91833573,153.37331551,,
YSPV,01,19,-23.54821013,140.70149152,-23.53586989,140.70609224,,
YSPV,10,28,-23.54144975,140.70241142,-23.54211751,140.7067828,,
YSRD,06,24,-29.10335126,122.44756393,-29.09463749,122.46496984,,
YSRI,10,28,-33.6016538,150.77126679,-33.6073198,150.79325879,,
YSRN,18,36,-42.15038679,145.29138032,-42.16113167,145.28847357,,
YSRT,08,26,-27.16000311,149.07125721,-27.15906147,149.08176758,,
YSSY,07,25,-33.94374748,151.16359553,-33.93752527,151.18997536,,
YSSY,16L,34R,-33.94960142,151.18832238,-33.97109015,151.19390023,,
YSSY,16R,34L,-33.92934258,151.17159012,-33.96426724,151.18064641,,
YSTA,09,27,-36.64430678,143.17661485,-36.64499725,143.18324987,,
YSTA,18,36,-36.6364554,143.18520254,-36.64547374,143.18378069,,
YSTB,11,29,-14.47605417,142.82099116,-14.47924401,142.82984968,,
YSTC,10,28,-29.7110449,137.06382386,-29.71246274,137.06973536,,
YSTC,3,21,-29.71460026,137.06354333,-29.71023247,137.06694565,,
YSTC,8,26,-29.71392047,137.05571487,-29.71191084,137.07110538,,
YSTH,08,26,-41.33744751,148.2790285,-41.33806564,148.29188734,,
YSTO,04,22,-24.35978329,143.28626258,-24.3525097,143.29591381,,
YSTR,15,33,-31.75497908,140.34067827,-31.76251764,140.34553606,,
YSTR,4,22,-31.75914753,140.33988281,-31.752581,140.348325,,
YSTT,10,28,-24.11528972,134.38515159,-24.11820746,134.39619092,,
YSTW,06,24,-31.08317848,150.84289302,-31.0809682,150.85131431,,
YSTW,12L,30R,-31.07105453,150.83695732,-31.08454808,150.8538582,,
YSTW,12R,30L,-31.08131171,150.83285111,-31.08812408,150.84138704,,
YSTW,18,36,-31.07711668,150.84660169,-31.08621898,150.84505625,,
YSUJ,12,30,-19.26531157,129.94329718,-19.27270306,129.95433244,,
YSVH,14,32,-20.5953023,143.07571056,-20.60211497,143.0803525,,
YSVN,17,35,-14.8697265,142.9645812,-14.87896553,142.96490929,,
YSVP,7,25,-13.97629526,143.5499728,-13.97410891,143.55870144,,
YSWA,04,22,-42.10081474,148.06865844,-42.09507168,148.07539554,,
YSWE,13,31,-17.12062941,139.59959188,-17.127721,139.607589,,
YSWG,05,23,-35.16705554,147.46013922,-35.15960075,147.47730375,,
YSWG,12,30,-35.1642391,147.46308392,-35.16865544,147.4707366,,
YSWH,08,26,-35.37488183,143.5248795,-35.37509787,143.54130398,,
YSWH,4,22,-35.38206667,143.53092442,-35.3762654,143.53907494,,
YSWI,10,28,-40.72901638,148.11398429,-40.73000974,148.11894464,,
YSWK,01,19,-30.92891055,153.02703903,-30.92036644,153.02796587,,
YSWL,11,29,-37.06562517,142.72688717,-37.07090621,142.74121754,,
YSWL,18,36,-37.07131499,142.74150126,-37.07897114,142.74066171,,
YSYN,10,28,-35.31398106,138.99132426,-35.31625233,139.00137476,,
YSYN,14,32,-35.31397537,138.99543366,-35.32065784,139.00124515,,
YSYN,18,36,-35.31434452,139.00189139,-35.32125515,139.0018922,,
YTAA,17,35,-27.15839688,150.47661298,-27.16918919,150.47618938,,
YTAB,1,19,-17.30072926,126.91651797,-17.29506458,126.91694023,,
YTAB,9,27,-17.29482841,126.90736056,-17.29640841,126.91852261,,
YTAM,08,26,-25.80451464,149.8960014,-25.80403113,149.90682755,,
YTAM,12,30,-25.79881477,149.89423045,-25.80517868,149.90266347,,
YTAN,11,29,-20.57115741,129.735955,-20.57634059,129.74548016,,
YTAR,4,22,-30.70670782,134.57869776,-30.69869746,134.58733678,,
YTAR,9,27,-30.70259021,134.57624961,-30.70321251,134.58987758,,
YTBB,15,33,-34.35688624,136.09373569,-34.36618884,136.09772631,,
YTBG,05,23,-35.5837088,148.2906293,-35.58223545,148.29344903,,
YTBR,10,28,-15.61955747,130.44260006,-15.62141283,130.45292417,,
YTCF,10,28,-22.3124538,122.06046111,-22.314878,122.073867,,
YTCK,8,26,-20.78258653,145.00346384,-20.77982737,145.02451574,,
YTCY,13,31,-26.75293805,133.35320219,-26.76103859,133.36352532,,
YTDM,04,22,-27.12546489,134.76813558,-27.12212275,134.77181414,,
YTDM,15,33,-27.11812108,134.76982413,-27.1278327,134.77454825,,
YTDN,04,22,-38.21818653,145.41874815,-38.21333977,145.42771042,,
YTDN,14,32,-38.21363556,145.42783901,-38.21619735,145.42963669,,
YTDR,17,35,-24.98061083,150.09309256,-24.99280117,150.09306673,,
YTEE,14,32,-21.82856038,140.88242546,-21.84166326,140.89263216,,
YTEF,12,30,-21.71042834,122.22195481,-21.71987383,122.23844875,,
YTEM,05,23,-34.42587109,147.49523756,-34.41722417,147.51482814,,
YTEM,09,27,-34.42179188,147.50777505,-34.42290263,147.51638369,,
YTEM,09L,27R,-34.42132308,147.50781215,-34.42248146,147.51678993,,
YTEM,18,36,-34.41742055,147.51510607,-34.4304984,147.51261769,,
YTEM,18R,36L,-34.41899294,147.51398331,-34.4301711,147.51187189,,
YTFA,03,21,-34.39793431,139.38011883,-34.39273548,139.38510339,,
YTFA,09,27,-34.39630759,139.37383901,-34.39637957,139.38521296,,
YTFA,13,31,-34.39269889,139.38039953,-34.39721865,139.38501683,,
YTFA,18,36,-34.39270822,139.37988472,-34.39798256,139.37977579,,
YTFD,08,26,-28.99218122,151.92351584,-28.99088555,151.93622112,,
YTGA,17,35,-27.13320247,153.36379039,-27.1418056,153.36454614,,
YTGG,02,20,-37.35199612,145.69973486,-37.34595372,145.70447753,,
YTGI,01,19,-31.98193874,148.00269128,-31.96995501,148.00527902,,
YTGM,04,22,-27.9951515,143.8074809,-27.98969106,143.81517851,,
YTGM,13,31,-27.98138267,143.80747862,-27.99160433,143.8168856,,
YTGT,11,29,-20.54383452,130.34016016,-20.55384958,130.36097152,,
YTHD,3,21,-14.79426474,126.49496079,-14.787149,126.500344,,
YTHI,07,25,-35.02707371,136.17283676,-35.02290384,136.18743446,,
YTHR,06,24,-25.14152868,119.09692792,-25.13466968,119.11417974,,
YTHR,15,33,-25.13075539,119.09589213,-25.140483,119.10046113,,
YTHS,01,19,-29.53321845,115.85807594,-29.52315515,115.85841718,,
YTHV,09,27,-21.45910959,115.00948333,-21.45951659,115.01918851,,
YTHY,18,36,-26.08756474,143.45257147,-26.0980319,143.4502468,,
YTIB,02,20,-29.45745605,142.05414271,-29.44964742,142.059264,,
YTIB,15,33,-29.44404327,142.05386032,-29.4571737,142.05899655,,
YTII,15,33,-25.58569183,143.90253027,-25.59492179,143.90646665,,
YTII,7,25,-25.58604243,143.90116609,-25.584922,143.907872,,
YTIT,18,36,-22.12142573,133.42231007,-22.13329324,133.42229666,,
YTJI,10,28,-26.00338012,125.44964048,-26.00811299,125.47165121,,
YTJI,2,20,-26.0123718,125.46660469,-26.00267687,125.47090557,,
YTJU,06,24,-29.34752492,127.10194554,-29.3425604,127.11230957,,
YTKS,13,31,-21.02899295,141.78929955,-21.03644553,141.79621324,,
YTKY,03,21,-17.04609623,128.20211397,-17.03560718,128.20945268,,
YTLP,08,26,-30.9252155,144.41494547,-30.92585642,144.42541226,,
YTLT,14,32,-22.63137772,136.80695958,-22.63862693,136.8122087,,
YTMB,08,26,-24.83854654,146.28691561,-24.83913925,146.29980856,,
YTML,01,19,-26.65439297,113.74071014,-26.63530535,113.74343826,,
YTMN,12,30,-19.96136277,129.72106464,-19.96942356,129.73132195,,
YTMN,12C,30C,-19.9619969,129.72186369,-19.96908848,129.73088299,,
YTMO,14,32,-21.8020888,139.91641725,-21.81628345,139.92675309,,
YTMS,01,19,-31.31875038,149.83851986,-31.30509025,149.84101222,,
YTMU,17,35,-35.26341658,148.24072627,-35.27297683,148.24031942,,
YTMY,09,27,-22.25568182,137.94576956,-22.25593352,137.95908595,,
YTNG,10,28,-24.4926458,150.57182296,-24.49770068,150.58588182,,
YTNG,14,32,-24.49208407,150.57543483,-24.49757704,150.58053307,,
YTNK,07,25,-19.63585687,134.1696988,-19.63108971,134.18766925,,
YTNK,11,29,-19.63380057,134.1759356,-19.63845109,134.184713,,
YTNR,13,31,-16.45696345,134.64774445,-16.464393,134.656359,,
YTOA,1,19,-28.42049995,140.80723637,-28.40679548,140.80996865,,
YTOC,09,27,-35.81005229,145.595006,-35.81166331,145.60815713,,
YTOC,09L,27R,-35.80920312,145.59619494,-35.81076983,145.60899938,,
YTOC,18,36,-35.80406847,145.60591587,-35.81543071,145.60381944,,
YTOC,18R,36L,-35.80422285,145.60469397,-35.81581899,145.60274285,,
YTOG,09,27,-30.08229307,149.53164593,-30.08384381,149.54291869,,
YTOG,18,36,-30.07383516,149.54486088,-30.08363823,149.54310712,,
YTOK,1,19,-25.13166218,147.16236841,-25.12534232,147.16364785,,
YTOT,03,21,-32.26253506,147.36303794,-32.25419445,147.37118636,,
YTOT,11,29,-32.25392219,147.36470146,-32.25691325,147.37117611,,
YTPA,11,29,-13.72369809,131.02435562,-13.7305177,131.04209929,,
YTQY,09,27,-38.29587859,144.36492678,-38.29648,144.36946,,
YTQY,13,31,-38.29246,144.36592,-38.29607,144.3695,,
YTQY,18,36,-38.29254006,144.36558778,-38.30141886,144.36383671,,
YTRB,18,36,-36.0679692,144.54316936,-36.07577173,144.54323844,,
YTRC,1,19,-24.07574854,143.39162406,-24.06782096,143.39423085,,
YTRE,04,22,-31.89282287,152.50990315,-31.88323755,152.52117644,,
YTRE,12,30,-31.88447112,152.50828709,-31.88821426,152.51228717,,
YTRK,06,24,-23.62396094,118.65104857,-23.62200295,118.65674321,,
YTRK,09,27,-23.62191003,118.64487414,-23.62316988,118.65696174,,
YTRK,16,34,-23.62022222,118.65294002,-23.62558413,118.65460489,,
YTST,12,30,-14.0825434,126.37356194,-14.09266384,126.38665312,,
YTTE,17,35,-13.97719308,141.65445072,-13.98979191,141.65608291,,
YTTI,14,32,-13.74841957,126.1465195,-13.75591363,126.15140252,,
YTUA,05,23,-42.51311473,147.89888523,-42.51083835,147.90262479,,
YTUA,14,32,-42.51144444,147.89617869,-42.51601981,147.9022188,,
YTUC,5,23,-27.47576257,118.13228695,-27.46961931,118.1436988,,
YTUG,8,26,-24.49382768,149.20765049,-24.4929053,149.21947358,,
YTUN,14,32,-42.10941159,147.36118971,-42.11659842,147.36780341,,
YTUY,18,36,-17.93024832,145.93910518,-17.93852643,145.93721921,,
YTWB,06,24,-27.54399195,151.91118397,-27.5421803,151.91752504,,
YTWB,11,29,-27.5404247,151.91257986,-27.54538828,151.92361896,,
YTWE,16,34,-22.83277561,146.7237945,-22.84107285,146.72666569,,
YTWN,05,23,-31.44649582,148.89315371,-31.43899518,148.90370244,,
YTYA,17,35,-38.26230044,145.1796906,-38.27184758,145.17951757,,
YTYA,8,26,-38.26525344,145.17197221,-38.26524931,145.1788493,,
YTYH,6,24,-28.596849,153.54667,-28.59297161,153.55507319,,
YTYN,17,35,-26.20658671,133.90281549,-26.21503278,133.9038989,,
YTYN,8,26,-26.21498343,133.89888426,-26.21502889,133.91013971,,
YUCH,11,29,-17.66961239,134.23597816,-17.67507017,134.24671438,,
YUDA,11,29,-18.18929614,144.60710283,-18.19422469,144.61931138,,
YUDG,18,36,-21.58983824,138.36578449,-21.59955416,138.36538908,,
YUDL,1,19,-19.62558494,138.63302918,-19.61863914,138.63352507,,
YUMB,12,30,-25.74335811,133.69627075,-25.74871145,133.70398607,,
YUMU,08,26,-26.48758856,132.0319327,-26.48630823,132.04792936,,
YUNY,6,24,-24.5141229,139.61144278,-24.50934701,139.62344103,,
YUOF,9,27,-38.21923719,147.16637134,-38.22011118,147.1732398,,
YUPG,10,28,-14.70395006,134.55764164,-14.70645391,134.56747893,,
YUPH,16,34,-30.08100475,150.64692152,-30.08371011,150.6477395,,
YUSL,01,19,-26.1654201,113.39345373,-26.15073522,113.39607133,,
YUTP,01,19,-22.05872728,134.78877943,-22.0465269,134.79313281,,
YUTS,12,30,-22.22929465,134.5754569,-22.23634479,134.58464087,,
YVIV,10,28,-30.5792178,135.71961759,-30.58117061,135.7319398,,
YVIV,3,21,-30.5808595,135.72974108,-30.57519995,135.73395171,,
YVNS,14,32,-22.33308299,130.86093844,-22.34368171,130.86860266,,
YVNS,5,23,-22.34736477,130.86171413,-22.34290797,130.86911191,,
YVRD,09,27,-16.40195351,130.99840608,-16.40245747,131.01126215,,
YVRS,15,33,-16.95638233,141.94967027,-16.96657505,141.95465017,,
YVSH,15,33,-11.13762042,131.97925707,-11.14870827,131.98506918,,
YVVA,08,26,-37.18344517,142.33843584,-37.18201071,142.34868869,,
YVVA,17,35,-37.17853843,142.33717076,-37.1829712,142.33815779,,
YVVL,11,29,-14.73196228,143.58439795,-14.73448889,143.59129464,,
YWAB,06,24,-24.7209465,117.33611178,-24.71553625,117.34824082,,
YWAC,10,28,-20.63946175,134.20982396,-20.64202715,134.22092369,,
YWAG,17,35,-29.70707357,144.17099172,-29.71734549,144.17093805,,
YWAL,14,32,-19.77005335,120.64577203,-19.77992598,120.65467202,,
YWAL,8,26,-19.77407653,120.64468583,-19.77303308,120.65405326,,
YWAT,11,29,-12.63543644,143.03792652,-12.6382621,143.04417356,,
YWAV,14,32,-17.38930772,131.114543,-17.39880568,131.12298385,,
YWAX,17,35,-25.28791921,127.5554605,-25.30379696,127.55734405,,
YWBI,12,30,-20.99601968,134.39114041,-21.00268559,134.40014901,,
YWBL,04,22,-38.29872293,142.44368852,-38.29224777,142.45270825,,
YWBL,13,31,-38.28982231,142.44136258,-38.29898328,142.45185407,,
YWBN,17,35,-34.17699763,150.80895336,-34.18578174,150.80885043,,
YWBR,18,36,-26.11838288,126.58369753,-26.13270096,126.58258123,,
YWBS,12,30,-10.2057124,142.82092664,-10.20918562,142.82631758,,
YWCA,03,21,-31.52579586,143.37522536,-31.51901449,143.38100733,,
YWCA,09,27,-31.51636691,143.37607453,-31.51751426,143.3875315,,
YWCH,06,24,-31.01293921,151.54044661,-31.00734144,151.55523394,,
YWCH,14,32,-31.00311002,151.55195978,-31.00915488,151.55763426,,
YWCK,09,27,-28.14835378,151.93488944,-28.15067126,151.9514469,,
YWCM,09,27,-20.09810497,129.11955944,-20.09862337,129.13397404,,
YWDA,14,32,-28.47405802,122.23860525,-28.48672252,122.24985028,,
YWDG,10,28,-30.030455,119.37766972,-30.03436563,119.39634131,,
YWDH,04,22,-25.41444095,142.66346306,-25.40652483,142.67398332,,
YWDJ,9,27,-17.42123696,124.91922036,-17.42167224,124.93096883,,
YWDL,11,29,-18.57118595,140.89056045,-18.57557605,140.89939531,,
YWDT,10,28,-18.75252793,144.83443456,-18.75470891,144.84497441,,
YWDV,11,29,-19.66832723,144.88080525,-19.67179125,144.88955487,,
YWEC,17,35,-25.53926054,145.13485789,-25.55400006,145.13605831,,
YWEE,3,21,-27.09926096,116.14874709,-27.09175413,116.15502231,,
YWEL,05,23,-32.46520591,148.98623007,-32.46050692,148.99484606,,
YWEL,13,31,-32.45610503,148.98358364,-32.46591757,148.99447022,,
YWEO,11,29,-30.64415312,139.33703522,-30.64889561,139.35210928,,
YWEO,15,33,-30.64080139,139.33922129,-30.64737337,139.34250788,,
YWER,01,19,-18.1302675,139.9546927,-18.12004566,139.95707124,,
YWEX,12,30,-22.38266195,124.81346407,-22.389449,124.824644,,
YWGI,03,21,-35.15038528,136.4621568,-35.14722195,136.46459497,,
YWGI,08,26,-35.15071103,136.45529507,-35.15028095,136.46533176,,
YWGM,09,27,-31.86439971,116.93092998,-31.86363056,116.93899599,,
YWGM,14,32,-31.86402698,116.93582873,-31.87305432,116.9438251,,
YWGN,06,24,-33.3196147,117.35564861,-33.31300698,117.36499899,,
YWGN,17,35,-33.31355604,117.35955232,-33.32356956,117.36195986,,
YWGT,18,36,-36.4083121,146.30967879,-36.422917,146.30704825,,
YWGT,9,27,-36.41892282,146.29962842,-36.41958157,146.3054987,,
YWGW,09,27,-26.11769151,121.95096344,-26.11896504,121.96619507,,
YWGW,17,35,-26.11141881,121.95886458,-26.12089054,121.95993794,,
YWHA,05,23,-33.05996504,137.50504785,-33.05207163,137.5180998,,
YWHA,17,35,-33.05112189,137.51844125,-33.06620139,137.52033231,,
YWHC,02,20,-30.85685181,143.06816413,-30.85009639,143.0727318,,
YWHC,12,30,-30.84915686,143.06744633,-30.85485781,143.07657853,,
YWHL,12,30,-17.77442758,135.65280672,-17.78185016,135.66379934,,
YWIB,05,23,-27.97752635,134.14459373,-27.97108453,134.1537735,,
YWIB,16,34,-27.97193648,134.14378518,-27.9819747,134.14756413,,
YWIE,11,29,-21.12339672,147.26672753,-21.12977,147.279424,,
YWIL,1,19,-31.29032611,142.65007754,-31.28355063,142.65193615,,
YWIO,15,33,-34.21629968,150.66803412,-34.22235641,150.67212653,,
YWIO,18,36,-34.21692177,150.67291453,-34.22418664,150.66817688,,
YWIS,14,32,-22.46668048,150.17470731,-22.48095252,150.1830584,,
YWKB,08,26,-36.32208582,142.41292041,-36.3212178,142.42818799,,
YWKB,17,35,-36.3174803,142.41823916,-36.3244074,142.41894647,,
YWKD,6,24,-13.8687674,129.98330853,-13.86312101,129.9938882,,
YWKI,02,20,-34.18371028,140.03090875,-34.17607895,140.03484719,,
YWKI,02L,20R,-34.18362309,140.02964464,-34.17799087,140.03260211,,
YWKI,08,26,-34.18705621,140.02373396,-34.18633162,140.03416536,,
YWKI,08L,26R,-34.18601475,140.02297138,-34.18518404,140.03466099,,
YWKM,02,20,-31.21079703,117.37832628,-31.20079407,117.3837079,,
YWKM,09,27,-31.2026241,117.37245678,-31.20245494,117.38756431,,
YWKS,9T,27T,-66.69007779,111.48737255,-66.69206231,111.55975639,,
YWKW,10,28,-32.54597803,151.0161354,-32.54977038,151.02918323,,
YWLA,12,30,-21.27559414,132.62316895,-21.28290759,132.63602691,,
YWLB,07,25,-27.34386339,134.08001845,-27.34107788,134.09129453,,
YWLB,16,34,-27.33155435,134.07745793,-27.34366619,134.08134957,,
YWLG,05,23,-30.03732011,148.11831842,-30.02957064,148.13262131,,
YWLG,18,36,-30.02662598,148.12640888,-30.03683022,148.12423074,,
YWLM,12,30,-32.78712254,151.82258114,-32.80497587,151.84747483,,
YWLN,10,28,-30.42041381,139.43729277,-30.42222041,139.44870766,,
YWLU,15,33,-26.62588547,120.21690248,-26.63952114,120.22693857,,
YWMA,16,34,-30.62849234,142.32897814,-30.63318549,142.33008394,,
YWMA,3,21,-30.63062809,142.32898735,-30.62409163,142.33460315,,
YWMA,6,24,-30.63064948,142.32558168,-30.62803613,142.33228939,,
YWMC,03,21,-28.91627359,136.33503139,-28.90863054,136.3411474,,
YWMC,11,29,-28.90348676,136.33800464,-28.9082825,136.34905104,,
YWMG,1,19,-29.24041637,146.92159629,-29.23071468,146.92258133,,
YWML,16,34,-17.31496041,138.23616009,-17.32525415,138.239741,,
YWMP,06,24,-16.66078387,143.99520134,-16.65737261,144.00361197,,
YWMY,11,29,-23.85605192,115.14068037,-23.85782051,115.14582043,,
YWMY,5,23,-23.85995552,115.13835492,-23.85481645,115.14544812,,
YWNA,03,21,-30.77150574,134.72818384,-30.76514121,134.73237289,,
YWNA,07,25,-30.76953564,134.72946102,-30.76834951,134.73622768,,
YWNA,12,30,-30.76422253,134.72965536,-30.76901837,134.73725904,,
YWND,01,19,-26.28777208,151.85922069,-26.27140501,151.86299752,,
YWND,09,27,-26.28695934,151.85047249,-26.28732242,151.86419769,,
YWNI,13,31,-13.69740927,141.55672262,-13.70323745,141.56282579,,
YWNI,17,35,-13.69772971,141.55349362,-13.709495,141.554003,,
YWNL,11,29,-26.05759819,128.92033175,-26.06349219,128.93631625,,
YWNO,11,29,-27.13604255,121.33160391,-27.13860721,121.33909662,,
YWNO,4,22,-27.14679637,121.32972394,-27.13837425,121.33859336,,
YWNS,16,34,-25.02798547,143.67683205,-25.03123357,143.67802011,,
YWNS,6,24,-25.03203306,143.67280357,-25.02842367,143.68033798,,
YWOH,07,25,-30.88133383,116.7244568,-30.87579013,116.73576273,,
YWOH,1,19,-30.88416727,116.7271015,-30.877918,116.72721207,,
YWOR,07,25,-17.22146712,137.92650804,-17.21842734,137.94274403,,
YWOV,16,34,-36.63072459,144.18476994,-36.63767941,144.18733806,,
YWOX,08,26,-32.39403529,123.98368869,-32.39356819,123.99397021,,
YWOX,11,29,-32.38887977,123.98416807,-32.39334916,123.99411096,,
YWOX,17,35,-32.39076605,123.98862175,-32.40004026,123.98924929,,
YWPA,11,29,-31.13829038,138.97356907,-31.143282,138.988823,,
YWPA,4,22,-31.14263515,138.97727957,-31.13674988,138.98358651,,
YWPE,13,31,-34.94956008,116.6906968,-34.95749748,116.69989648,,
YWPL,1,19,-23.12062043,114.52477574,-23.11229223,114.52778604,,
YWRA,12,30,-20.47687509,138.16371314,-20.48254967,138.17175161,,
YWRA,3,21,-20.48236945,138.16967157,-20.47644245,138.17379563,,
YWRC,08,26,-32.42754487,118.89869256,-32.42460011,118.91432575,,
YWRL,09,27,-29.53540412,150.53003571,-29.53675813,150.54144104,,
YWRN,04,22,-31.74073692,147.79241443,-31.73326201,147.80006548,,
YWRN,09,27,-31.73325593,147.80315363,-31.73494282,147.81553656,,
YWRR,05,23,-23.44943397,113.84479281,-23.44366072,113.85167952,,
YWRR,13,31,-23.44415834,113.84595342,-23.44972799,113.85321933,,
YWRT,07,25,-41.4493155,145.54304553,-41.448465,145.550405,,
YWRV,10,28,-13.5976853,135.7552112,-13.60075741,135.76451173,,
YWSD,13,31,-30.70874496,141.39456082,-30.71286776,141.39957655,,
YWSD,18,36,-30.70363038,141.40278625,-30.70943828,141.40278906,,
YWSD,7,25,-30.71195409,141.41155842,-30.70940557,141.42560806,,
YWSD,8,26,-30.71146308,141.39462717,-30.71068091,141.40705537,,
YWSG,03,21,-27.0994666,152.45459326,-27.09389261,152.45993707,,
YWSG,12L,30R,-27.09420139,152.46089036,-27.09888736,152.46734771,,
YWSG,12R,30L,-27.09461153,152.45995713,-27.09951013,152.46673289,,
YWSI,05,23,-29.58031762,134.530346,-29.5729062,134.54068014,,
YWSL,05,23,-38.09479201,146.96186381,-38.09228269,146.96662672,,
YWSL,09,27,-38.08970705,146.95672967,-38.09238192,146.97700137,,
YWSL,14,32,-38.09177327,146.96419741,-38.09698057,146.96869323,,
YWSX,01,19,-31.323519,118.68414957,-31.3127946,118.68572432,,
YWSX,09,27,-31.31895992,118.67316951,-31.3189713,118.68493203,,
YWTL,10,28,-16.629199,129.31722258,-16.63117467,129.32725814,,
YWTN,05,23,-22.36389923095703,143.07699584960938,-22.3610437,143.08267686,,
YWTN,14,32,-22.35706975,143.08260466,-22.36793102,143.0896336,,
YWTO,08,26,-34.0861072,141.88672585,-34.08644175,141.90187524,,
YWTO,17,35,-34.079988,141.89123221,-34.0889795,141.8910863,,
YWTV,9,27,-13.22705324,142.22983478,-13.23063138,142.24224378,,
YWUD,07,25,-33.04444713,135.43958089,-33.04212215,135.44941525,,
YWUD,14,32,-33.03444089,135.44062827,-33.04550217,135.45004715,,
YWVA,02,20,-33.24396805,151.42675145,-33.23698004,151.43285303,,
YWWA,5,23,-30.25951386,149.40630843,-30.25339206,149.41607391,,
YWWG,12,30,-20.83955681,120.69633475,-20.84599037,120.7050656,,
YWWG,3,21,-20.84711193,120.69937794,-20.83449255,120.70882922,,
YWWG,7,25,-20.84788784,120.6996169,-20.84477604,120.71198506,,
YWWH,1,19,-22.06706864,147.72040063,-22.05852989,147.7226419,,
YWWI,14,32,-21.63857111,121.18508615,-21.65255089,121.19734681,,
YWWL,04,22,-33.93965627,147.19269083,-33.93441976,147.19824045,,
YWWL,09,27,-33.93799742,147.1811408,-33.94011544,147.19806693,,
YWYA,09,27,-27.26597258,145.98247825,-27.26617616,145.99546958,,
YWYB,09,27,-30.55754089,133.52738612,-30.558974,133.54050484,,
YWYF,08,26,-36.05887203,143.23396701,-36.05890012,143.24193059,,
YWYF,17,35,-36.05411793,143.2426642,-36.0635825,143.24260569,,
YWYM,12,30,-15.50441273,128.14878914,-15.51259689,128.16119344,,
YWYY,05,23,-40.99803273,145.72317877,-40.9948437,145.7320492,,
YWYY,09,27,-40.99678742,145.72396392,-40.99918811,145.74332469,,
YYAC,10,28,-21.3776139,147.09529782,-21.37984498,147.10573532,,
YYAK,18,36,-16.72426981,145.34799678,-16.73593912,145.34701505,,
YYAL,12,30,-28.34935751,116.67312819,-28.3559884,116.68547695,,
YYBE,02,20,-23.26376107,149.01505311,-23.257523,149.01783788,,
YYEA,17,35,-37.17361675,145.32249307,-37.17974554,145.32389232,,
YYER,01,19,-29.47328489,121.82973439,-29.4618692,121.83003404,,
YYER,08,26,-29.46783709,121.82688922,-29.46644691,121.84161138,,
YYGG,10,28,-20.88930827,127.94350406,-20.89208316,127.9548425,,
YYKI,12,30,-9.75026756,143.40151293,-9.75501475,143.40930288,,
YYLD,1,19,-30.26309052,142.9767259,-30.25846146,142.97749506,,
YYLD,8,26,-30.26161922,142.97180175,-30.26129378,142.97898377,,
YYLG,15,33,-27.42327144,115.51512305,-27.42982716,115.51889601,,
YYLG,4,22,-27.42677336,115.51720968,-27.41742876,115.52799549,,
YYLG,8,26,-27.42645491,115.51692716,-27.42549679,115.52842436,,
YYLR,09,27,-27.27609348,120.08387503,-27.27717268,120.0989664,,
YYLR,16,34,-27.26963676,120.09379958,-27.27931568,120.09706664,,
YYMI,11,29,-9.89788762,142.77067137,-9.90029714,142.77755174,,
YYND,12,30,-22.24938003,131.77641534,-22.2577274,131.78793029,,
YYNG,01,19,-34.2608897,148.24542941,-34.25027539,148.24881281,,
YYNR,17,35,-22.50818507,114.79775889,-22.514829,114.798814,,
YYOO,13,31,-31.80073244,136.85718761,-31.80714117,136.86371059,,
YYOO,16,34,-31.79955165,136.85890324,-31.80348002,136.86000272,,
YYOR,18,36,-34.9983388,137.61931449,-35.0080176,137.61931279,,
YYRK,04,22,-31.85898045,116.79446743,-31.85038346,116.80377451,,
YYRM,05,23,-38.57156597,146.74823795,-38.56700585,146.75931421,,
YYRM,09,27,-38.56618199,146.74916969,-38.56726622,146.75775993,,
YYRN,11,29,-28.15167936,123.66862575,-28.15642056,123.67836853,,
YYTA,11,29,-31.4686419,131.81897468,-31.47270598,131.83070936,,
YYUM,15,33,-28.55857658,119.01662075,-28.56636159,119.02122347,,
YYUN,17,35,-32.56668342,139.56311149,-32.57743511,139.56489775,,
YYWA,15,33,-27.94536662,144.62284504,-27.95437216,144.6285224,,
YYWA,4,22,-27.95338634,144.62714991,-27.94364381,144.63687406,,
YYWG,01,19,-36.03659112,146.02534133,-36.0270724,146.03020169,,
YYWG,05,23,-36.0318907,146.02312358,-36.0300418,146.02790175,,
YYYA,13,31,-21.28182311,118.38096511,-21.2889213,118.38966708,,
YZAN,09,27,-31.03617119,123.55994858,-31.03645986,123.5750068,,
YZHN,10,28,-41.88864202,145.34994343,-41.88906373,145.35234599,,
